Godot Engine v4.6.3.stable.official.7d41c59c4 - https://godotengine.org

[   0% ] [90m[1mfirst_scan_filesystem[22m | Started 项目初始化 (5 steps)[39m[0m
[   0% ] [90m[1mfirst_scan_filesystem[22m | 正在扫描文件结构……[39m[0m
[  16% ] [90m[1mfirst_scan_filesystem[22m | 正在加载全局类名……[39m[0m
[  33% ] [90m[1mfirst_scan_filesystem[22m | 正在校验 GDExtension……[39m[0m
[  50% ] [90m[1mfirst_scan_filesystem[22m | 正在创建自动加载脚本……[39m[0m
[  66% ] [90m[1mfirst_scan_filesystem[22m | 正在初始化插件……[39m[0m
[  83% ] [90m[1mfirst_scan_filesystem[22m | 正在启动文件扫描……[39m[0m
[92m[ DONE ][39m [1mfirst_scan_filesystem[22m
[0m
[   0% ] [90m[1msavepack[22m | Started 打包中 (102 steps)[39m[0m
[   1% ] [90m[1msavepack[22m | 保存文件：res://.godot/imported/attack.wav-825b62c1f9509f7d19a957a51a526957.sample[39m[0m
[   1% ] [90m[1msavepack[22m | 保存文件：res://assets/audio/attack.wav.import[39m[0m
[   1% ] [90m[1msavepack[22m | 保存文件：res://.godot/imported/bgm_battle.wav-21248085976eea3dec3574fbb2308a3f.sample[39m[0m
[   1% ] [90m[1msavepack[22m | 保存文件：res://assets/audio/bgm_battle.wav.import[39m[0m
[   1% ] [90m[1msavepack[22m | 保存文件：res://.godot/imported/bgm_menu.wav-9f2d20197574d1d559ebc6bf71843337.sample[39m[0m
[   1% ] [90m[1msavepack[22m | 保存文件：res://assets/audio/bgm_menu.wav.import[39m[0m
[   1% ] [90m[1msavepack[22m | 保存文件：res://.godot/imported/card_draw.wav-3058533a9903911fb40c994d5f5b99ee.sample[39m[0m
[   1% ] [90m[1msavepack[22m | 保存文件：res://assets/audio/card_draw.wav.import[39m[0m
[   1% ] [90m[1msavepack[22m | 保存文件：res://.godot/imported/card_hover.wav-5e21f3dbc07af630b288b4c71ab7f44f.sample[39m[0m
[   1% ] [90m[1msavepack[22m | 保存文件：res://assets/audio/card_hover.wav.import[39m[0m
[   1% ] [90m[1msavepack[22m | 保存文件：res://.godot/imported/card_play.wav-413f02181f35d346e9ab1f24b3840a88.sample[39m[0m
[   1% ] [90m[1msavepack[22m | 保存文件：res://assets/audio/card_play.wav.import[39m[0m
[   1% ] [90m[1msavepack[22m | 保存文件：res://.godot/imported/core_hit.wav-673e838d2e735159c881503efab27bba.sample[39m[0m
[   1% ] [90m[1msavepack[22m | 保存文件：res://assets/audio/core_hit.wav.import[39m[0m
[   1% ] [90m[1msavepack[22m | 保存文件：res://.godot/imported/defeat.wav-2c373cdad262b5fb9203b05423989caa.sample[39m[0m
[   1% ] [90m[1msavepack[22m | 保存文件：res://assets/audio/defeat.wav.import[39m[0m
[   1% ] [90m[1msavepack[22m | 保存文件：res://.godot/imported/error.wav-99844ed22afbc0c517ece11da3662cae.sample[39m[0m
[   1% ] [90m[1msavepack[22m | 保存文件：res://assets/audio/error.wav.import[39m[0m
[   2% ] [90m[1msavepack[22m | 保存文件：res://.godot/imported/heal.wav-931ca7a754542f5b94f13b00622da730.sample[39m[0m
[   2% ] [90m[1msavepack[22m | 保存文件：res://assets/audio/heal.wav.import[39m[0m
[   2% ] [90m[1msavepack[22m | 保存文件：res://.godot/imported/hit.wav-96dc477cdf4a42f381370dba6e3f75ce.sample[39m[0m
[   2% ] [90m[1msavepack[22m | 保存文件：res://assets/audio/hit.wav.import[39m[0m
[   2% ] [90m[1msavepack[22m | 保存文件：res://.godot/imported/knockout.wav-93932ac9ef158055cbb4734e70e20c45.sample[39m[0m
[   2% ] [90m[1msavepack[22m | 保存文件：res://assets/audio/knockout.wav.import[39m[0m
[   2% ] [90m[1msavepack[22m | 保存文件：res://.godot/imported/level_up.wav-8c90c04fb618cb40d1c51d7c501b3cd7.sample[39m[0m
[   2% ] [90m[1msavepack[22m | 保存文件：res://assets/audio/level_up.wav.import[39m[0m
[   2% ] [90m[1msavepack[22m | 保存文件：res://.godot/imported/purchase.wav-b1741d21e720116831bd475d57bf6a9c.sample[39m[0m
[   2% ] [90m[1msavepack[22m | 保存文件：res://assets/audio/purchase.wav.import[39m[0m
[   2% ] [90m[1msavepack[22m | 保存文件：res://.godot/imported/reveal.wav-8481ad7dbd43c702a21d13fde2814a33.sample[39m[0m
[   2% ] [90m[1msavepack[22m | 保存文件：res://assets/audio/reveal.wav.import[39m[0m
[   2% ] [90m[1msavepack[22m | 保存文件：res://.godot/imported/reveal_ssr.wav-4794fb85eb5f89741553f44d3b5a28e2.sample[39m[0m
[   2% ] [90m[1msavepack[22m | 保存文件：res://assets/audio/reveal_ssr.wav.import[39m[0m
[   2% ] [90m[1msavepack[22m | 保存文件：res://.godot/imported/shield.wav-28ce60ec10352f989ad5bbdcaa2a9611.sample[39m[0m
[   2% ] [90m[1msavepack[22m | 保存文件：res://assets/audio/shield.wav.import[39m[0m
[   3% ] [90m[1msavepack[22m | 保存文件：res://.godot/imported/turn_end.wav-54911a2d29aef22cc60ed4bc32ef009d.sample[39m[0m
[   3% ] [90m[1msavepack[22m | 保存文件：res://assets/audio/turn_end.wav.import[39m[0m
[   3% ] [90m[1msavepack[22m | 保存文件：res://.godot/imported/turn_start.wav-2e9877aa80ca57a371da9e344c205071.sample[39m[0m
[   3% ] [90m[1msavepack[22m | 保存文件：res://assets/audio/turn_start.wav.import[39m[0m
[   3% ] [90m[1msavepack[22m | 保存文件：res://.godot/imported/ui_click.wav-27a1a14815f4272c438d6dd4385cee0b.sample[39m[0m
[   3% ] [90m[1msavepack[22m | 保存文件：res://assets/audio/ui_click.wav.import[39m[0m
[   3% ] [90m[1msavepack[22m | 保存文件：res://.godot/imported/ui_hover.wav-e8532001b0f3258b9ba03aefba32a561.sample[39m[0m
[   3% ] [90m[1msavepack[22m | 保存文件：res://assets/audio/ui_hover.wav.import[39m[0m
[   3% ] [90m[1msavepack[22m | 保存文件：res://.godot/imported/victory.wav-d893d32ad919f27e15cf04d35e288b78.sample[39m[0m
[   3% ] [90m[1msavepack[22m | 保存文件：res://assets/audio/victory.wav.import[39m[0m
[   3% ] [90m[1msavepack[22m | 保存文件：res://.godot/imported/bailang-awakened.svg-d47fb437e6213896384a6d92c478b68d.ctex[39m[0m
[   3% ] [90m[1msavepack[22m | 保存文件：res://assets/classic/bailang-awakened.svg.import[39m[0m
[   3% ] [90m[1msavepack[22m | 保存文件：res://.godot/imported/bailang.svg-257e2281c0d579bb06ccec2e534af135.ctex[39m[0m
[   3% ] [90m[1msavepack[22m | 保存文件：res://assets/classic/bailang.svg.import[39m[0m
[   3% ] [90m[1msavepack[22m | 保存文件：res://.godot/imported/bingyong-awakened.svg-5f429dde0d8354ac8999bcd843b2e869.ctex[39m[0m
[   3% ] [90m[1msavepack[22m | 保存文件：res://assets/classic/bingyong-awakened.svg.import[39m[0m
[   3% ] [90m[1msavepack[22m | 保存文件：res://.godot/imported/bingyong.svg-15301aa4a1f0d48b15f9546fca833171.ctex[39m[0m
[   3% ] [90m[1msavepack[22m | 保存文件：res://assets/classic/bingyong.svg.import[39m[0m
[   4% ] [90m[1msavepack[22m | 保存文件：res://.godot/imported/caitongzi-awakened.svg-6c0bca144a2b2ad8294a618ab2f190ab.ctex[39m[0m
[   4% ] [90m[1msavepack[22m | 保存文件：res://assets/classic/caitongzi-awakened.svg.import[39m[0m
[   4% ] [90m[1msavepack[22m | 保存文件：res://.godot/imported/caitongzi.svg-ba4d925db117a5ae2d38efecaef938bb.ctex[39m[0m
[   4% ] [90m[1msavepack[22m | 保存文件：res://assets/classic/caitongzi.svg.import[39m[0m
[   4% ] [90m[1msavepack[22m | 保存文件：res://.godot/imported/datiangou-awakened.svg-0f2def2897bf72a447c7dee26177de7a.ctex[39m[0m
[   4% ] [90m[1msavepack[22m | 保存文件：res://assets/classic/datiangou-awakened.svg.import[39m[0m
[   4% ] [90m[1msavepack[22m | 保存文件：res://.godot/imported/datiangou.svg-38d4235068eb82eb157aeab9e79dacf0.ctex[39m[0m
[   4% ] [90m[1msavepack[22m | 保存文件：res://assets/classic/datiangou.svg.import[39m[0m
[   4% ] [90m[1msavepack[22m | 保存文件：res://.godot/imported/fenghuanghuo-awakened.svg-9a86fc7d55ff98a14aa3a5488f843313.ctex[39m[0m
[   4% ] [90m[1msavepack[22m | 保存文件：res://assets/classic/fenghuanghuo-awakened.svg.import[39m[0m
[   4% ] [90m[1msavepack[22m | 保存文件：res://.godot/imported/fenghuanghuo.svg-4b8a1ed5c7c22101770894a3c5a886a9.ctex[39m[0m
[   4% ] [90m[1msavepack[22m | 保存文件：res://assets/classic/fenghuanghuo.svg.import[39m[0m
[   4% ] [90m[1msavepack[22m | 保存文件：res://.godot/imported/guniao-awakened.svg-b4d120eaf574c1ed526e363762cb07b1.ctex[39m[0m
[   4% ] [90m[1msavepack[22m | 保存文件：res://assets/classic/guniao-awakened.svg.import[39m[0m
[   4% ] [90m[1msavepack[22m | 保存文件：res://.godot/imported/guniao.svg-e16cbac8bbd1671602d5a033235c7eff.ctex[39m[0m
[   4% ] [90m[1msavepack[22m | 保存文件：res://assets/classic/guniao.svg.import[39m[0m
[   5% ] [90m[1msavepack[22m | 保存文件：res://.godot/imported/haifangzhu-awakened.svg-f8027b2351bbeff7f74a81cdc7c0cae8.ctex[39m[0m
[   5% ] [90m[1msavepack[22m | 保存文件：res://assets/classic/haifangzhu-awakened.svg.import[39m[0m
[   5% ] [90m[1msavepack[22m | 保存文件：res://.godot/imported/haifangzhu.svg-4deb3be8ab055f884454074b259e33bc.ctex[39m[0m
[   5% ] [90m[1msavepack[22m | 保存文件：res://assets/classic/haifangzhu.svg.import[39m[0m
[   5% ] [90m[1msavepack[22m | 保存文件：res://.godot/imported/jue-awakened.svg-499893833df88ab57a1fd91fd0a13e33.ctex[39m[0m
[   5% ] [90m[1msavepack[22m | 保存文件：res://assets/classic/jue-awakened.svg.import[39m[0m
[   5% ] [90m[1msavepack[22m | 保存文件：res://.godot/imported/jue.svg-c4d6964c10cbd09d54d7fb74dde6ac0d.ctex[39m[0m
[   5% ] [90m[1msavepack[22m | 保存文件：res://assets/classic/jue.svg.import[39m[0m
[   5% ] [90m[1msavepack[22m | 保存文件：res://.godot/imported/jutun-tongzi-awakened.svg-28f4e646106d2a2846db383d6a648358.ctex[39m[0m
[   5% ] [90m[1msavepack[22m | 保存文件：res://assets/classic/jutun-tongzi-awakened.svg.import[39m[0m
[   5% ] [90m[1msavepack[22m | 保存文件：res://.godot/imported/jutun-tongzi.svg-a20d270c9a8efe1257306d082b928d0b.ctex[39m[0m
[   5% ] [90m[1msavepack[22m | 保存文件：res://assets/classic/jutun-tongzi.svg.import[39m[0m
[   5% ] [90m[1msavepack[22m | 保存文件：res://.godot/imported/panguan-awakened.svg-39ca149c133afbb9a5be01cd18641dbc.ctex[39m[0m
[   5% ] [90m[1msavepack[22m | 保存文件：res://assets/classic/panguan-awakened.svg.import[39m[0m
[   5% ] [90m[1msavepack[22m | 保存文件：res://.godot/imported/panguan.svg-e0b8f372b763ee64f433bce4cd086c29.ctex[39m[0m
[   5% ] [90m[1msavepack[22m | 保存文件：res://assets/classic/panguan.svg.import[39m[0m
[   5% ] [90m[1msavepack[22m | 保存文件：res://.godot/imported/qingfangzhu-awakened.svg-09d1d4df4fb3caeda771b5b21e18a211.ctex[39m[0m
[   5% ] [90m[1msavepack[22m | 保存文件：res://assets/classic/qingfangzhu-awakened.svg.import[39m[0m
[   6% ] [90m[1msavepack[22m | 保存文件：res://.godot/imported/qingfangzhu.svg-f736012bfdc798bbe91df745f8b9544b.ctex[39m[0m
[   6% ] [90m[1msavepack[22m | 保存文件：res://assets/classic/qingfangzhu.svg.import[39m[0m
[   6% ] [90m[1msavepack[22m | 保存文件：res://.godot/imported/qingshe-awakened.svg-756d44d4cf0f813d71dfd7057b1204d1.ctex[39m[0m
[   6% ] [90m[1msavepack[22m | 保存文件：res://assets/classic/qingshe-awakened.svg.import[39m[0m
[   6% ] [90m[1msavepack[22m | 保存文件：res://.godot/imported/qingshe.svg-e3a066148151faae718cf2ab60913bc1.ctex[39m[0m
[   6% ] [90m[1msavepack[22m | 保存文件：res://assets/classic/qingshe.svg.import[39m[0m
[   6% ] [90m[1msavepack[22m | 保存文件：res://.godot/imported/qingwa-ciqi-awakened.svg-87a3306e5c2803669bb5655a9b8b1480.ctex[39m[0m
[   6% ] [90m[1msavepack[22m | 保存文件：res://assets/classic/qingwa-ciqi-awakened.svg.import[39m[0m
[   6% ] [90m[1msavepack[22m | 保存文件：res://.godot/imported/qingwa-ciqi.svg-70dbf2e60a10eca7c756ffbb4e81d8b9.ctex[39m[0m
[   6% ] [90m[1msavepack[22m | 保存文件：res://assets/classic/qingwa-ciqi.svg.import[39m[0m
[   6% ] [90m[1msavepack[22m | 保存文件：res://.godot/imported/qingxingdeng-awakened.svg-48f5eae4dc21caf140ab67098a165e70.ctex[39m[0m
[   6% ] [90m[1msavepack[22m | 保存文件：res://assets/classic/qingxingdeng-awakened.svg.import[39m[0m
[   6% ] [90m[1msavepack[22m | 保存文件：res://.godot/imported/qingxingdeng.svg-51894084dbf4c712368f593161073b76.ctex[39m[0m
[   6% ] [90m[1msavepack[22m | 保存文件：res://assets/classic/qingxingdeng.svg.import[39m[0m
[   6% ] [90m[1msavepack[22m | 保存文件：res://.godot/imported/quanshen-awakened.svg-0ee48937bb09519ddb787f5b835b13cc.ctex[39m[0m
[   6% ] [90m[1msavepack[22m | 保存文件：res://assets/classic/quanshen-awakened.svg.import[39m[0m
[   7% ] [90m[1msavepack[22m | 保存文件：res://.godot/imported/quanshen.svg-8554e3b5dadafab849b196d2142ef43a.ctex[39m[0m
[   7% ] [90m[1msavepack[22m | 保存文件：res://assets/classic/quanshen.svg.import[39m[0m
[   7% ] [90m[1msavepack[22m | 保存文件：res://.godot/imported/shantong-awakened.svg-feff33e7880978c2cf2a03cba88fe6c2.ctex[39m[0m
[   7% ] [90m[1msavepack[22m | 保存文件：res://assets/classic/shantong-awakened.svg.import[39m[0m
[   7% ] [90m[1msavepack[22m | 保存文件：res://.godot/imported/shantong.svg-a0e89d4e0f6f8ef032279d5992f9b759.ctex[39m[0m
[   7% ] [90m[1msavepack[22m | 保存文件：res://assets/classic/shantong.svg.import[39m[0m
[   7% ] [90m[1msavepack[22m | 保存文件：res://.godot/imported/shantu-awakened.svg-bc243a8b13b74d049acd74fefa35a332.ctex[39m[0m
[   7% ] [90m[1msavepack[22m | 保存文件：res://assets/classic/shantu-awakened.svg.import[39m[0m
[   7% ] [90m[1msavepack[22m | 保存文件：res://.godot/imported/shantu.svg-8cb3fb51e170a0413a4fe1e963f61dde.ctex[39m[0m
[   7% ] [90m[1msavepack[22m | 保存文件：res://assets/classic/shantu.svg.import[39m[0m
[   7% ] [90m[1msavepack[22m | 保存文件：res://.godot/imported/shuweng-awakened.svg-2a1c5a7545d9bbd70e3afce1bc9d620e.ctex[39m[0m
[   7% ] [90m[1msavepack[22m | 保存文件：res://assets/classic/shuweng-awakened.svg.import[39m[0m
[   7% ] [90m[1msavepack[22m | 保存文件：res://.godot/imported/shuweng.svg-216519ad699c85d5ae737629a7326c7d.ctex[39m[0m
[   7% ] [90m[1msavepack[22m | 保存文件：res://assets/classic/shuweng.svg.import[39m[0m
[   7% ] [90m[1msavepack[22m | 保存文件：res://.godot/imported/taohuayao-awakened.svg-dcd814be7d2e47e00c7564ac6cbdd22c.ctex[39m[0m
[   7% ] [90m[1msavepack[22m | 保存文件：res://assets/classic/taohuayao-awakened.svg.import[39m[0m
[   8% ] [90m[1msavepack[22m | 保存文件：res://.godot/imported/taohuayao.svg-2fafed089e6645489d15f15d57f28455.ctex[39m[0m
[   8% ] [90m[1msavepack[22m | 保存文件：res://assets/classic/taohuayao.svg.import[39m[0m
[   8% ] [90m[1msavepack[22m | 保存文件：res://.godot/imported/tiaotiaodidi-awakened.svg-b1aa43b94ad014350e94ca8857d2a63d.ctex[39m[0m
[   8% ] [90m[1msavepack[22m | 保存文件：res://assets/classic/tiaotiaodidi-awakened.svg.import[39m[0m
[   8% ] [90m[1msavepack[22m | 保存文件：res://.godot/imported/tiaotiaodidi.svg-3e471deec29cf5f2b867b82d44b9eb90.ctex[39m[0m
[   8% ] [90m[1msavepack[22m | 保存文件：res://assets/classic/tiaotiaodidi.svg.import[39m[0m
[   8% ] [90m[1msavepack[22m | 保存文件：res://.godot/imported/xuenv-awakened.svg-31ac084af25376a54ce91198b2dbeb6e.ctex[39m[0m
[   8% ] [90m[1msavepack[22m | 保存文件：res://assets/classic/xuenv-awakened.svg.import[39m[0m
[   8% ] [90m[1msavepack[22m | 保存文件：res://.godot/imported/xuenv.svg-ea5559b554b199ca835a09987bd40e01.ctex[39m[0m
[   8% ] [90m[1msavepack[22m | 保存文件：res://assets/classic/xuenv.svg.import[39m[0m
[   8% ] [90m[1msavepack[22m | 保存文件：res://.godot/imported/xuetongzi-awakened.svg-91ad7658a8dbb24297ed4e30de784977.ctex[39m[0m
[   8% ] [90m[1msavepack[22m | 保存文件：res://assets/classic/xuetongzi-awakened.svg.import[39m[0m
[   8% ] [90m[1msavepack[22m | 保存文件：res://.godot/imported/xuetongzi.svg-9203b1dd10354627773633cb9fba64f9.ctex[39m[0m
[   8% ] [90m[1msavepack[22m | 保存文件：res://assets/classic/xuetongzi.svg.import[39m[0m
[   8% ] [90m[1msavepack[22m | 保存文件：res://.godot/imported/yaodaoji-awakened.svg-78aa400bfd6d7b3772144d2eec08be29.ctex[39m[0m
[   8% ] [90m[1msavepack[22m | 保存文件：res://assets/classic/yaodaoji-awakened.svg.import[39m[0m
[   8% ] [90m[1msavepack[22m | 保存文件：res://.godot/imported/yaodaoji.svg-dbf54359f244eb80a684404e6124809a.ctex[39m[0m
[   8% ] [90m[1msavepack[22m | 保存文件：res://assets/classic/yaodaoji.svg.import[39m[0m
[   9% ] [90m[1msavepack[22m | 保存文件：res://.godot/imported/yaoginshi-awakened.svg-67ff989db4af70f3c37a70be7723774d.ctex[39m[0m
[   9% ] [90m[1msavepack[22m | 保存文件：res://assets/classic/yaoginshi-awakened.svg.import[39m[0m
[   9% ] [90m[1msavepack[22m | 保存文件：res://.godot/imported/yaoginshi.svg-96a0b5ed118d10a6b0384e66a9209ff7.ctex[39m[0m
[   9% ] [90m[1msavepack[22m | 保存文件：res://assets/classic/yaoginshi.svg.import[39m[0m
[   9% ] [90m[1msavepack[22m | 保存文件：res://.godot/imported/yijin-zhentian-awakened.svg-b54608fe38a9c1265974c1c35ecbf066.ctex[39m[0m
[   9% ] [90m[1msavepack[22m | 保存文件：res://assets/classic/yijin-zhentian-awakened.svg.import[39m[0m
[   9% ] [90m[1msavepack[22m | 保存文件：res://.godot/imported/yijin-zhentian.svg-ecd12c57d3bc4d6f92f03c9d4e354992.ctex[39m[0m
[   9% ] [90m[1msavepack[22m | 保存文件：res://assets/classic/yijin-zhentian.svg.import[39m[0m
[   9% ] [90m[1msavepack[22m | 保存文件：res://.godot/imported/yimulian-awakened.svg-86069e111702fe57c5d336e98f957bba.ctex[39m[0m
[   9% ] [90m[1msavepack[22m | 保存文件：res://assets/classic/yimulian-awakened.svg.import[39m[0m
[   9% ] [90m[1msavepack[22m | 保存文件：res://.godot/imported/yimulian.svg-69b04b39587540fa735c420e6d4244e0.ctex[39m[0m
[   9% ] [90m[1msavepack[22m | 保存文件：res://assets/classic/yimulian.svg.import[39m[0m
[   9% ] [90m[1msavepack[22m | 保存文件：res://.godot/imported/yingcao-awakened.svg-70b946681a016988d7efe28240b308f7.ctex[39m[0m
[   9% ] [90m[1msavepack[22m | 保存文件：res://assets/classic/yingcao-awakened.svg.import[39m[0m
[   9% ] [90m[1msavepack[22m | 保存文件：res://.godot/imported/yingcao.svg-d92927c4d8cd84e8c10aff88afe46f3c.ctex[39m[0m
[   9% ] [90m[1msavepack[22m | 保存文件：res://assets/classic/yingcao.svg.import[39m[0m
[  10% ] [90m[1msavepack[22m | 保存文件：res://.godot/imported/zhen-awakened.svg-f4b82ca6daf79123caf7876643295529.ctex[39m[0m
[  10% ] [90m[1msavepack[22m | 保存文件：res://assets/classic/zhen-awakened.svg.import[39m[0m
[  10% ] [90m[1msavepack[22m | 保存文件：res://.godot/imported/zhen.svg-ff4dedddef7dd7b3533652fa93ef6db7.ctex[39m[0m
[  10% ] [90m[1msavepack[22m | 保存文件：res://assets/classic/zhen.svg.import[39m[0m
[  10% ] [90m[1msavepack[22m | 保存文件：res://.godot/imported/zuofutongzi-awakened.svg-e560d7d12d599c2d9f9ff5abefdbbd85.ctex[39m[0m
[  10% ] [90m[1msavepack[22m | 保存文件：res://assets/classic/zuofutongzi-awakened.svg.import[39m[0m
[  10% ] [90m[1msavepack[22m | 保存文件：res://.godot/imported/zuofutongzi.svg-e85e7781f4dd9523ed2c39415f96726a.ctex[39m[0m
[  10% ] [90m[1msavepack[22m | 保存文件：res://assets/classic/zuofutongzi.svg.import[39m[0m
[  10% ] [90m[1msavepack[22m | 保存文件：res://.godot/imported/NotoSansSC.ttf-53e7d2951cb723449d16fcecb813db38.fontdata[39m[0m
[  10% ] [90m[1msavepack[22m | 保存文件：res://assets/fonts/NotoSansSC.ttf.import[39m[0m
[  10% ] [90m[1msavepack[22m | 保存文件：res://.godot/imported/NotoSerifSC.ttf-f9681ab396cd468c5f1aa660d91a9cf1.fontdata[39m[0m
[  10% ] [90m[1msavepack[22m | 保存文件：res://assets/fonts/NotoSerifSC.ttf.import[39m[0m
[  10% ] [90m[1msavepack[22m | 保存文件：res://.godot/imported/bailang.png-646b1c728a0a3cf46643c38cf6de0f09.ctex[39m[0m
[  10% ] [90m[1msavepack[22m | 保存文件：res://assets/redrawn/classic/bailang.png.import[39m[0m
[  10% ] [90m[1msavepack[22m | 保存文件：res://.godot/imported/bingyong.png-1f42110ee858ff5306166009442830df.ctex[39m[0m
[  10% ] [90m[1msavepack[22m | 保存文件：res://assets/redrawn/classic/bingyong.png.import[39m[0m
[  10% ] [90m[1msavepack[22m | 保存文件：res://.godot/imported/caitongzi.png-339ffb8720f644194f6cb3402e22e032.ctex[39m[0m
[  10% ] [90m[1msavepack[22m | 保存文件：res://assets/redrawn/classic/caitongzi.png.import[39m[0m
[  11% ] [90m[1msavepack[22m | 保存文件：res://.godot/imported/datiangou.png-97d7c0c8b55011969b3c0c49f39e5777.ctex[39m[0m
[  11% ] [90m[1msavepack[22m | 保存文件：res://assets/redrawn/classic/datiangou.png.import[39m[0m
[  11% ] [90m[1msavepack[22m | 保存文件：res://.godot/imported/fenghuanghuo.png-cdd14e0853229eb46afd8dc3dee8ca6c.ctex[39m[0m
[  11% ] [90m[1msavepack[22m | 保存文件：res://assets/redrawn/classic/fenghuanghuo.png.import[39m[0m
[  11% ] [90m[1msavepack[22m | 保存文件：res://.godot/imported/guniao.png-0daa4810866f7cbf631155abff64d33f.ctex[39m[0m
[  11% ] [90m[1msavepack[22m | 保存文件：res://assets/redrawn/classic/guniao.png.import[39m[0m
[  11% ] [90m[1msavepack[22m | 保存文件：res://.godot/imported/haifangzhu.png-b1d9b917efb3e56e417d6c311f8e06af.ctex[39m[0m
[  11% ] [90m[1msavepack[22m | 保存文件：res://assets/redrawn/classic/haifangzhu.png.import[39m[0m
[  11% ] [90m[1msavepack[22m | 保存文件：res://.godot/imported/jue.png-5c151a7735ed4dc43882a1cb01a09f8a.ctex[39m[0m
[  11% ] [90m[1msavepack[22m | 保存文件：res://assets/redrawn/classic/jue.png.import[39m[0m
[  11% ] [90m[1msavepack[22m | 保存文件：res://.godot/imported/jutun-tongzi.png-5ee90104460b2937a9c492c252b3a5f3.ctex[39m[0m
[  11% ] [90m[1msavepack[22m | 保存文件：res://assets/redrawn/classic/jutun-tongzi.png.import[39m[0m
[  11% ] [90m[1msavepack[22m | 保存文件：res://.godot/imported/panguan.png-d453cb126a5bda25040e958773691aaa.ctex[39m[0m
[  11% ] [90m[1msavepack[22m | 保存文件：res://assets/redrawn/classic/panguan.png.import[39m[0m
[  11% ] [90m[1msavepack[22m | 保存文件：res://.godot/imported/qingfangzhu.png-24b3b984fd66e962b070093a29568c70.ctex[39m[0m
[  11% ] [90m[1msavepack[22m | 保存文件：res://assets/redrawn/classic/qingfangzhu.png.import[39m[0m
[  12% ] [90m[1msavepack[22m | 保存文件：res://.godot/imported/qingshe.png-5b22dd7ff313c436681ae7763d295f27.ctex[39m[0m
[  12% ] [90m[1msavepack[22m | 保存文件：res://assets/redrawn/classic/qingshe.png.import[39m[0m
[  12% ] [90m[1msavepack[22m | 保存文件：res://.godot/imported/qingwa-ciqi.png-7a35ac5250dff539f262a4e2a12d8aa7.ctex[39m[0m
[  12% ] [90m[1msavepack[22m | 保存文件：res://assets/redrawn/classic/qingwa-ciqi.png.import[39m[0m
[  12% ] [90m[1msavepack[22m | 保存文件：res://.godot/imported/qingxingdeng.png-0a67ecb718bed9a32918e40a747e4915.ctex[39m[0m
[  12% ] [90m[1msavepack[22m | 保存文件：res://assets/redrawn/classic/qingxingdeng.png.import[39m[0m
[  12% ] [90m[1msavepack[22m | 保存文件：res://.godot/imported/quanshen.png-1f0ec707808cc1bcbd53264067bdf54d.ctex[39m[0m
[  12% ] [90m[1msavepack[22m | 保存文件：res://assets/redrawn/classic/quanshen.png.import[39m[0m
[  12% ] [90m[1msavepack[22m | 保存文件：res://.godot/imported/shantong.png-3eb4ba24d8c641ffbdd876deb8140326.ctex[39m[0m
[  12% ] [90m[1msavepack[22m | 保存文件：res://assets/redrawn/classic/shantong.png.import[39m[0m
[  12% ] [90m[1msavepack[22m | 保存文件：res://.godot/imported/shantu.png-350c62097ddfb2689455b0e5c898c5a9.ctex[39m[0m
[  12% ] [90m[1msavepack[22m | 保存文件：res://assets/redrawn/classic/shantu.png.import[39m[0m
[  12% ] [90m[1msavepack[22m | 保存文件：res://.godot/imported/shuweng.png-0fda6bc64c606a0deab79009036069d8.ctex[39m[0m
[  12% ] [90m[1msavepack[22m | 保存文件：res://assets/redrawn/classic/shuweng.png.import[39m[0m
[  12% ] [90m[1msavepack[22m | 保存文件：res://.godot/imported/taohuayao.png-68752b35a1966e0515e970fff10ee04b.ctex[39m[0m
[  12% ] [90m[1msavepack[22m | 保存文件：res://assets/redrawn/classic/taohuayao.png.import[39m[0m
[  13% ] [90m[1msavepack[22m | 保存文件：res://.godot/imported/tiaotiaodidi.png-99c5d851cab3af4196e0f443395159ac.ctex[39m[0m
[  13% ] [90m[1msavepack[22m | 保存文件：res://assets/redrawn/classic/tiaotiaodidi.png.import[39m[0m
[  13% ] [90m[1msavepack[22m | 保存文件：res://.godot/imported/xuenv.png-74cc672b833bae1f494090b0aacd083b.ctex[39m[0m
[  13% ] [90m[1msavepack[22m | 保存文件：res://assets/redrawn/classic/xuenv.png.import[39m[0m
[  13% ] [90m[1msavepack[22m | 保存文件：res://.godot/imported/xuetongzi.png-2f017c3d8edb35a400b65669da6669f9.ctex[39m[0m
[  13% ] [90m[1msavepack[22m | 保存文件：res://assets/redrawn/classic/xuetongzi.png.import[39m[0m
[  13% ] [90m[1msavepack[22m | 保存文件：res://.godot/imported/yaodaoji.png-0dbda15fcd6aa4bb21947c05c55402e5.ctex[39m[0m
[  13% ] [90m[1msavepack[22m | 保存文件：res://assets/redrawn/classic/yaodaoji.png.import[39m[0m
[  13% ] [90m[1msavepack[22m | 保存文件：res://.godot/imported/yaoginshi.png-4e29d0bbf3c9ba058f4ede1a8f6e01dc.ctex[39m[0m
[  13% ] [90m[1msavepack[22m | 保存文件：res://assets/redrawn/classic/yaoginshi.png.import[39m[0m
[  13% ] [90m[1msavepack[22m | 保存文件：res://.godot/imported/yijin-zhentian.png-2721ae8c103be17091c3ea3a2149cbfd.ctex[39m[0m
[  13% ] [90m[1msavepack[22m | 保存文件：res://assets/redrawn/classic/yijin-zhentian.png.import[39m[0m
[  13% ] [90m[1msavepack[22m | 保存文件：res://.godot/imported/yimulian.png-37199b8d16a332ef101af919ab84d56e.ctex[39m[0m
[  13% ] [90m[1msavepack[22m | 保存文件：res://assets/redrawn/classic/yimulian.png.import[39m[0m
[  13% ] [90m[1msavepack[22m | 保存文件：res://.godot/imported/yingcao.png-fc6eb734ca3a966fd6d85647b1c9df64.ctex[39m[0m
[  13% ] [90m[1msavepack[22m | 保存文件：res://assets/redrawn/classic/yingcao.png.import[39m[0m
[  13% ] [90m[1msavepack[22m | 保存文件：res://.godot/imported/zhen.png-aae7537d2dd96bf388472ad83b52cb7b.ctex[39m[0m
[  13% ] [90m[1msavepack[22m | 保存文件：res://assets/redrawn/classic/zhen.png.import[39m[0m
[  14% ] [90m[1msavepack[22m | 保存文件：res://.godot/imported/zuofutongzi.png-3e5ad75d868150e34801924b7db4c3eb.ctex[39m[0m
[  14% ] [90m[1msavepack[22m | 保存文件：res://assets/redrawn/classic/zuofutongzi.png.import[39m[0m
[  14% ] [90m[1msavepack[22m | 保存文件：res://.godot/imported/basalt.png-693906ab69de26285faa8fe85e8bee89.ctex[39m[0m
[  14% ] [90m[1msavepack[22m | 保存文件：res://assets/redrawn/origin/basalt.png.import[39m[0m
[  14% ] [90m[1msavepack[22m | 保存文件：res://.godot/imported/ember.png-a6644e27509514425473c38873e8f4d9.ctex[39m[0m
[  14% ] [90m[1msavepack[22m | 保存文件：res://assets/redrawn/origin/ember.png.import[39m[0m
[  14% ] [90m[1msavepack[22m | 保存文件：res://.godot/imported/frostblade.png-0b3cd78a240076f43b4692346f18ccbb.ctex[39m[0m
[  14% ] [90m[1msavepack[22m | 保存文件：res://assets/redrawn/origin/frostblade.png.import[39m[0m
[  14% ] [90m[1msavepack[22m | 保存文件：res://.godot/imported/ink.png-9541267125cbc81162e74b590a083e02.ctex[39m[0m
[  14% ] [90m[1msavepack[22m | 保存文件：res://assets/redrawn/origin/ink.png.import[39m[0m
[  14% ] [90m[1msavepack[22m | 保存文件：res://.godot/imported/kongo.png-cc582cb6d82ddcbf450ba5230cc86e6d.ctex[39m[0m
[  14% ] [90m[1msavepack[22m | 保存文件：res://assets/redrawn/origin/kongo.png.import[39m[0m
[  14% ] [90m[1msavepack[22m | 保存文件：res://.godot/imported/lumen.png-f4c9a9c36aa40e6ccb3ddfea0f9b4a3f.ctex[39m[0m
[  14% ] [90m[1msavepack[22m | 保存文件：res://assets/redrawn/origin/lumen.png.import[39m[0m
[  14% ] [90m[1msavepack[22m | 保存文件：res://.godot/imported/rime.png-c96b24c896bf33921f6255279f8a3c7c.ctex[39m[0m
[  14% ] [90m[1msavepack[22m | 保存文件：res://assets/redrawn/origin/rime.png.import[39m[0m
[  15% ] [90m[1msavepack[22m | 保存文件：res://.godot/imported/storm.png-1e8c0283e12fc7858a75dab48289853c.ctex[39m[0m
[  15% ] [90m[1msavepack[22m | 保存文件：res://assets/redrawn/origin/storm.png.import[39m[0m
[  15% ] [90m[1msavepack[22m | 保存文件：res://.godot/imported/buzhinhuo.png-35feddda92d358d9d023f05b6ce08fb4.ctex[39m[0m
[  15% ] [90m[1msavepack[22m | 保存文件：res://assets/redrawn/wave2/buzhinhuo.png.import[39m[0m
[  15% ] [90m[1msavepack[22m | 保存文件：res://.godot/imported/lianyou.png-98b8c473dd3595021df1e72a793bca92.ctex[39m[0m
[  15% ] [90m[1msavepack[22m | 保存文件：res://assets/redrawn/wave2/lianyou.png.import[39m[0m
[  15% ] [90m[1msavepack[22m | 保存文件：res://.godot/imported/lingyuyuqian.png-ed3a6abed8d514edfa2bf9662cef97ed.ctex[39m[0m
[  15% ] [90m[1msavepack[22m | 保存文件：res://assets/redrawn/wave2/lingyuyuqian.png.import[39m[0m
[  15% ] [90m[1msavepack[22m | 保存文件：res://.godot/imported/rihefang.png-e8841fc5e75fdad5d80b089737e28081.ctex[39m[0m
[  15% ] [90m[1msavepack[22m | 保存文件：res://assets/redrawn/wave2/rihefang.png.import[39m[0m
[  15% ] [90m[1msavepack[22m | 保存文件：res://.godot/imported/tiaotiaomeimei.png-2f92e572aa524a4db126b236f47aa579.ctex[39m[0m
[  15% ] [90m[1msavepack[22m | 保存文件：res://assets/redrawn/wave2/tiaotiaomeimei.png.import[39m[0m
[  15% ] [90m[1msavepack[22m | 保存文件：res://.godot/imported/xiaolunan.png-e09795bf0408c1cb38a85ea56fdf7032.ctex[39m[0m
[  15% ] [90m[1msavepack[22m | 保存文件：res://assets/redrawn/wave2/xiaolunan.png.import[39m[0m
[  15% ] [90m[1msavepack[22m | 保存文件：res://.godot/imported/yanyanluo.png-96d11944432b3fd3b2f513c513fc44f9.ctex[39m[0m
[  15% ] [90m[1msavepack[22m | 保存文件：res://assets/redrawn/wave2/yanyanluo.png.import[39m[0m
[  15% ] [90m[1msavepack[22m | 保存文件：res://.godot/imported/yaohu.png-33c575ae1b5a734deecf296beba8d37a.ctex[39m[0m
[  15% ] [90m[1msavepack[22m | 保存文件：res://assets/redrawn/wave2/yaohu.png.import[39m[0m
[  16% ] [90m[1msavepack[22m | 保存文件：res://.godot/imported/yatiangou.png-2c9934a285894244ee1d73538c359ed8.ctex[39m[0m
[  16% ] [90m[1msavepack[22m | 保存文件：res://assets/redrawn/wave2/yatiangou.png.import[39m[0m
[  16% ] [90m[1msavepack[22m | 保存文件：res://.godot/imported/biyehua.png-1cc4f66fac6fddc9d6da98f413b375b2.ctex[39m[0m
[  16% ] [90m[1msavepack[22m | 保存文件：res://assets/redrawn/wave3/biyehua.png.import[39m[0m
[  16% ] [90m[1msavepack[22m | 保存文件：res://.godot/imported/dayueling.png-80bc974db55b498434acc4c4101ebf93.ctex[39m[0m
[  16% ] [90m[1msavepack[22m | 保存文件：res://assets/redrawn/wave3/dayueling.png.import[39m[0m
[  16% ] [90m[1msavepack[22m | 保存文件：res://.godot/imported/guiqie.png-24164770db5261f958b6edff904633f7.ctex[39m[0m
[  16% ] [90m[1msavepack[22m | 保存文件：res://assets/redrawn/wave3/guiqie.png.import[39m[0m
[  16% ] [90m[1msavepack[22m | 保存文件：res://.godot/imported/huang.png-ca8423a356b40c72aea533394cb9649f.ctex[39m[0m
[  16% ] [90m[1msavepack[22m | 保存文件：res://assets/redrawn/wave3/huang.png.import[39m[0m
[  16% ] [90m[1msavepack[22m | 保存文件：res://.godot/imported/huiyeji.png-2ade8783240c3a22b67bc3ab85699348.ctex[39m[0m
[  16% ] [90m[1msavepack[22m | 保存文件：res://assets/redrawn/wave3/huiyeji.png.import[39m[0m
[  16% ] [90m[1msavepack[22m | 保存文件：res://.godot/imported/jiuciliang.png-a4cc34805eee72580ff5a4cc5116aa30.ctex[39m[0m
[  16% ] [90m[1msavepack[22m | 保存文件：res://assets/redrawn/wave3/jiuciliang.png.import[39m[0m
[  16% ] [90m[1msavepack[22m | 保存文件：res://.godot/imported/longyechaji.png-ae728d2b680c2231015f99b8798f5bdb.ctex[39m[0m
[  16% ] [90m[1msavepack[22m | 保存文件：res://assets/redrawn/wave3/longyechaji.png.import[39m[0m
[  17% ] [90m[1msavepack[22m | 保存文件：res://.godot/imported/mengpo.png-f68acb8e02e4f9d887fa97e09794ddc5.ctex[39m[0m
[  17% ] [90m[1msavepack[22m | 保存文件：res://assets/redrawn/wave3/mengpo.png.import[39m[0m
[  17% ] [90m[1msavepack[22m | 保存文件：res://.godot/imported/renmianshu.png-de2e0e349cc9999e449752107c0e2c3b.ctex[39m[0m
[  17% ] [90m[1msavepack[22m | 保存文件：res://assets/redrawn/wave3/renmianshu.png.import[39m[0m
[  17% ] [90m[1msavepack[22m | 保存文件：res://.godot/imported/sanmu.png-42b84a8381488e71f44d1fa36c55ed30.ctex[39m[0m
[  17% ] [90m[1msavepack[22m | 保存文件：res://assets/redrawn/wave3/sanmu.png.import[39m[0m
[  17% ] [90m[1msavepack[22m | 保存文件：res://.godot/imported/shanfeng.png-8f386804223df86147b026cdf02ebd1d.ctex[39m[0m
[  17% ] [90m[1msavepack[22m | 保存文件：res://assets/redrawn/wave3/shanfeng.png.import[39m[0m
[  17% ] [90m[1msavepack[22m | 保存文件：res://.godot/imported/shimengmo.png-c22c68d84531a4960d669287391d1fdd.ctex[39m[0m
[  17% ] [90m[1msavepack[22m | 保存文件：res://assets/redrawn/wave3/shimengmo.png.import[39m[0m
[  17% ] [90m[1msavepack[22m | 保存文件：res://.godot/imported/tianjingxia.png-0858f369c2254f49d73012502a3b50f9.ctex[39m[0m
[  17% ] [90m[1msavepack[22m | 保存文件：res://assets/redrawn/wave3/tianjingxia.png.import[39m[0m
[  17% ] [90m[1msavepack[22m | 保存文件：res://.godot/imported/tiaotiaogege.png-dc1eebee23797bc4e02e1cd0a14b3000.ctex[39m[0m
[  17% ] [90m[1msavepack[22m | 保存文件：res://assets/redrawn/wave3/tiaotiaogege.png.import[39m[0m
[  17% ] [90m[1msavepack[22m | 保存文件：res://.godot/imported/wuguishi.png-ac600faad2750224de7b637c5793c7af.ctex[39m[0m
[  17% ] [90m[1msavepack[22m | 保存文件：res://assets/redrawn/wave3/wuguishi.png.import[39m[0m
[  18% ] [90m[1msavepack[22m | 保存文件：res://.godot/imported/xixueji.png-10c202919b0e699bba3c5bfb44cad47c.ctex[39m[0m
[  18% ] [90m[1msavepack[22m | 保存文件：res://assets/redrawn/wave3/xixueji.png.import[39m[0m
[  18% ] [90m[1msavepack[22m | 保存文件：res://.godot/imported/xun.png-68da3163c2df25afb96ff8e8aa9dec39.ctex[39m[0m
[  18% ] [90m[1msavepack[22m | 保存文件：res://assets/redrawn/wave3/xun.png.import[39m[0m
[  18% ] [90m[1msavepack[22m | 保存文件：res://.godot/imported/yinghuayao.png-ea90d910971e82167d91dbf411634ff0.ctex[39m[0m
[  18% ] [90m[1msavepack[22m | 保存文件：res://assets/redrawn/wave3/yinghuayao.png.import[39m[0m
[  18% ] [90m[1msavepack[22m | 保存文件：res://.godot/imported/yujiazhu.png-20e1d76866689a3f28e4bed7bd677c5e.ctex[39m[0m
[  18% ] [90m[1msavepack[22m | 保存文件：res://assets/redrawn/wave3/yujiazhu.png.import[39m[0m
[  18% ] [90m[1msavepack[22m | 保存文件：res://.godot/imported/axiuluo.png-104fbf918920b3db6004ca7031057bd6.ctex[39m[0m
[  18% ] [90m[1msavepack[22m | 保存文件：res://assets/redrawn/wave4/axiuluo.png.import[39m[0m
[  18% ] [90m[1msavepack[22m | 保存文件：res://.godot/imported/baimugui.png-86b3871c27f504666b66511f58e8ce42.ctex[39m[0m
[  18% ] [90m[1msavepack[22m | 保存文件：res://assets/redrawn/wave4/baimugui.png.import[39m[0m
[  18% ] [90m[1msavepack[22m | 保存文件：res://.godot/imported/banruo.png-2342b3d29a15657e57a09ae8024a6e1b.ctex[39m[0m
[  18% ] [90m[1msavepack[22m | 保存文件：res://assets/redrawn/wave4/banruo.png.import[39m[0m
[  18% ] [90m[1msavepack[22m | 保存文件：res://.godot/imported/bayiqidashe.png-d954dd774cede9b8bce243eb578351c6.ctex[39m[0m
[  18% ] [90m[1msavepack[22m | 保存文件：res://assets/redrawn/wave4/bayiqidashe.png.import[39m[0m
[  18% ] [90m[1msavepack[22m | 保存文件：res://.godot/imported/dishitian.png-c207c04753b7718d2a3fa6d08a3c54d1.ctex[39m[0m
[  18% ] [90m[1msavepack[22m | 保存文件：res://assets/redrawn/wave4/dishitian.png.import[39m[0m
[  19% ] [90m[1msavepack[22m | 保存文件：res://.godot/imported/duyanxiaoseng.png-6367af63f4c506e577ca653b65684647.ctex[39m[0m
[  19% ] [90m[1msavepack[22m | 保存文件：res://assets/redrawn/wave4/duyanxiaoseng.png.import[39m[0m
[  19% ] [90m[1msavepack[22m | 保存文件：res://.godot/imported/egui.png-9cae6967b16e1fc170644c32649ed4c5.ctex[39m[0m
[  19% ] [90m[1msavepack[22m | 保存文件：res://assets/redrawn/wave4/egui.png.import[39m[0m
[  19% ] [90m[1msavepack[22m | 保存文件：res://.godot/imported/gitongwan.png-4fe9d79e74141531acc3bff75b1baa05.ctex[39m[0m
[  19% ] [90m[1msavepack[22m | 保存文件：res://assets/redrawn/wave4/gitongwan.png.import[39m[0m
[  19% ] [90m[1msavepack[22m | 保存文件：res://.godot/imported/gouchang.png-dcb79b6f0cd5d80a74bf466e0f36300c.ctex[39m[0m
[  19% ] [90m[1msavepack[22m | 保存文件：res://assets/redrawn/wave4/gouchang.png.import[39m[0m
[  19% ] [90m[1msavepack[22m | 保存文件：res://.godot/imported/guishiheibai.png-aada093f68ecc44076347601a3b9826c.ctex[39m[0m
[  19% ] [90m[1msavepack[22m | 保存文件：res://assets/redrawn/wave4/guishiheibai.png.import[39m[0m
[  19% ] [90m[1msavepack[22m | 保存文件：res://.godot/imported/hetong.png-8fbbd176c9b629a45bc101d0f09a90ea.ctex[39m[0m
[  19% ] [90m[1msavepack[22m | 保存文件：res://assets/redrawn/wave4/hetong.png.import[39m[0m
[  19% ] [90m[1msavepack[22m | 保存文件：res://.godot/imported/huangkulou.png-2ffe10a6c6d7bd0f553a7205bbd0c159.ctex[39m[0m
[  19% ] [90m[1msavepack[22m | 保存文件：res://assets/redrawn/wave4/huangkulou.png.import[39m[0m
[  19% ] [90m[1msavepack[22m | 保存文件：res://.godot/imported/huibishou.png-5ec818cf00b949739d52fddd33572f90.ctex[39m[0m
[  19% ] [90m[1msavepack[22m | 保存文件：res://assets/redrawn/wave4/huibishou.png.import[39m[0m
[  20% ] [90m[1msavepack[22m | 保存文件：res://.godot/imported/huoqumo.png-6dc460612aa0753d9ad4234703c81669.ctex[39m[0m
[  20% ] [90m[1msavepack[22m | 保存文件：res://assets/redrawn/wave4/huoqumo.png.import[39m[0m
[  20% ] [90m[1msavepack[22m | 保存文件：res://.godot/imported/jieshen.png-4a5e5880e4edc2631667b08fb2f31753.ctex[39m[0m
[  20% ] [90m[1msavepack[22m | 保存文件：res://assets/redrawn/wave4/jieshen.png.import[39m[0m
[  20% ] [90m[1msavepack[22m | 保存文件：res://.godot/imported/jingliuliqian.png-84f3b08cb0811debe64ff936fb4711bb.ctex[39m[0m
[  20% ] [90m[1msavepack[22m | 保存文件：res://assets/redrawn/wave4/jingliuliqian.png.import[39m[0m
[  20% ] [90m[1msavepack[22m | 保存文件：res://.godot/imported/jinyuji.png-a4599da8524b0ce6d75229abb244e973.ctex[39m[0m
[  20% ] [90m[1msavepack[22m | 保存文件：res://assets/redrawn/wave4/jinyuji.png.import[39m[0m
[  20% ] [90m[1msavepack[22m | 保存文件：res://.godot/imported/jiumingmao.png-e52f5fbe3a161cd343e16f2347fd7e11.ctex[39m[0m
[  20% ] [90m[1msavepack[22m | 保存文件：res://assets/redrawn/wave4/jiumingmao.png.import[39m[0m
[  20% ] [90m[1msavepack[22m | 保存文件：res://.godot/imported/mianqiling.png-f1250c62ebcb47ca30c785fa2a110faa.ctex[39m[0m
[  20% ] [90m[1msavepack[22m | 保存文件：res://assets/redrawn/wave4/mianqiling.png.import[39m[0m
[  20% ] [90m[1msavepack[22m | 保存文件：res://.godot/imported/tieshu.png-3324eb0d12686b1663686a09c085753c.ctex[39m[0m
[  20% ] [90m[1msavepack[22m | 保存文件：res://assets/redrawn/wave4/tieshu.png.import[39m[0m
[  20% ] [90m[1msavepack[22m | 保存文件：res://.godot/imported/wushizhiling.png-78d54aab7ff8003feb248d4381fa28e2.ctex[39m[0m
[  20% ] [90m[1msavepack[22m | 保存文件：res://assets/redrawn/wave4/wushizhiling.png.import[39m[0m
[  20% ] [90m[1msavepack[22m | 保存文件：res://.godot/imported/xieji.png-d3e8673512613ec8d177a0ec17dc0115.ctex[39m[0m
[  20% ] [90m[1msavepack[22m | 保存文件：res://assets/redrawn/wave4/xieji.png.import[39m[0m
[  21% ] [90m[1msavepack[22m | 保存文件：res://.godot/imported/yingxueji.png-8dbedb9cbeaded11986fcd4370b23823.ctex[39m[0m
[  21% ] [90m[1msavepack[22m | 保存文件：res://assets/redrawn/wave4/yingxueji.png.import[39m[0m
[  21% ] [90m[1msavepack[22m | 保存文件：res://.godot/imported/yuanjiulanghu.png-501a5893df1916776dc9aa4ae3174ee0.ctex[39m[0m
[  21% ] [90m[1msavepack[22m | 保存文件：res://assets/redrawn/wave4/yuanjiulanghu.png.import[39m[0m
[  21% ] [90m[1msavepack[22m | 保存文件：res://.godot/imported/yuzaoqian.png-f5b47476f958e3cb62efbcafe0f55dd8.ctex[39m[0m
[  21% ] [90m[1msavepack[22m | 保存文件：res://assets/redrawn/wave4/yuzaoqian.png.import[39m[0m
[  21% ] [90m[1msavepack[22m | 保存文件：res://.godot/imported/zhuiyueshen.png-a69894d3d0045fb4b22c702e0e287330.ctex[39m[0m
[  21% ] [90m[1msavepack[22m | 保存文件：res://assets/redrawn/wave4/zhuiyueshen.png.import[39m[0m
[  21% ] [90m[1msavepack[22m | 保存文件：res://.godot/imported/baitongzi.png-b8db97f676dbc34cdc93eff670e7fb4f.ctex[39m[0m
[  21% ] [90m[1msavepack[22m | 保存文件：res://assets/redrawn/wave5/baitongzi.png.import[39m[0m
[  21% ] [90m[1msavepack[22m | 保存文件：res://.godot/imported/baizangzhu.png-f9b2d00590dd4ed8efbbeec0aada24ac.ctex[39m[0m
[  21% ] [90m[1msavepack[22m | 保存文件：res://assets/redrawn/wave5/baizangzhu.png.import[39m[0m
[  21% ] [90m[1msavepack[22m | 保存文件：res://.godot/imported/fengli.png-34abfcde7d928211a3f30e1ea9faeeb1.ctex[39m[0m
[  21% ] [90m[1msavepack[22m | 保存文件：res://assets/redrawn/wave5/fengli.png.import[39m[0m
[  21% ] [90m[1msavepack[22m | 保存文件：res://.godot/imported/guanhu.png-b7d5697cf54974b233e4c5af56c525e1.ctex[39m[0m
[  21% ] [90m[1msavepack[22m | 保存文件：res://assets/redrawn/wave5/guanhu.png.import[39m[0m
[  22% ] [90m[1msavepack[22m | 保存文件：res://.godot/imported/heitongzi.png-c7ae48fdae2586fd520ca4b231bc2c13.ctex[39m[0m
[  22% ] [90m[1msavepack[22m | 保存文件：res://assets/redrawn/wave5/heitongzi.png.import[39m[0m
[  22% ] [90m[1msavepack[22m | 保存文件：res://.godot/imported/huaniajuan.png-88a23a2e5776ddb9e7866a6eef2d45b3.ctex[39m[0m
[  22% ] [90m[1msavepack[22m | 保存文件：res://assets/redrawn/wave5/huaniajuan.png.import[39m[0m
[  22% ] [90m[1msavepack[22m | 保存文件：res://.godot/imported/kuileishi.png-9fc0108940876d355d7fdf58bfe936db.ctex[39m[0m
[  22% ] [90m[1msavepack[22m | 保存文件：res://assets/redrawn/wave5/kuileishi.png.import[39m[0m
[  22% ] [90m[1msavepack[22m | 保存文件：res://.godot/imported/liangmianfo.png-16d786f845a8f7a902092b3df7fa2e3a.ctex[39m[0m
[  22% ] [90m[1msavepack[22m | 保存文件：res://assets/redrawn/wave5/liangmianfo.png.import[39m[0m
[  22% ] [90m[1msavepack[22m | 保存文件：res://.godot/imported/limao.png-e42fa443d68999845fb1655815ff0605.ctex[39m[0m
[  22% ] [90m[1msavepack[22m | 保存文件：res://assets/redrawn/wave5/limao.png.import[39m[0m
[  22% ] [90m[1msavepack[22m | 保存文件：res://.godot/imported/maozhanggui.png-0d68271b84cae135f7ead1df2bf182e6.ctex[39m[0m
[  22% ] [90m[1msavepack[22m | 保存文件：res://assets/redrawn/wave5/maozhanggui.png.import[39m[0m
[  22% ] [90m[1msavepack[22m | 保存文件：res://.godot/imported/qianji.png-501300d0f3361140fb791777c917d024.ctex[39m[0m
[  22% ] [90m[1msavepack[22m | 保存文件：res://assets/redrawn/wave5/qianji.png.import[39m[0m
[  22% ] [90m[1msavepack[22m | 保存文件：res://.godot/imported/rulianshi.png-a189a73ce8e6a1d64b5a50416dbf5cce.ctex[39m[0m
[  22% ] [90m[1msavepack[22m | 保存文件：res://assets/redrawn/wave5/rulianshi.png.import[39m[0m
[  22% ] [90m[1msavepack[22m | 保存文件：res://.godot/imported/shiling.png-cfe5f7fbdb8c5f91a4652e1d203bbd56.ctex[39m[0m
[  22% ] [90m[1msavepack[22m | 保存文件：res://assets/redrawn/wave5/shiling.png.import[39m[0m
[  23% ] [90m[1msavepack[22m | 保存文件：res://.godot/imported/song.png-8a24f223f6e168e9ac46134f7a2cda40.ctex[39m[0m
[  23% ] [90m[1msavepack[22m | 保存文件：res://assets/redrawn/wave5/song.png.import[39m[0m
[  23% ] [90m[1msavepack[22m | 保存文件：res://.godot/imported/tengji.png-9258cd0ac128a0170559ea6992c431b3.ctex[39m[0m
[  23% ] [90m[1msavepack[22m | 保存文件：res://assets/redrawn/wave5/tengji.png.import[39m[0m
[  23% ] [90m[1msavepack[22m | 保存文件：res://.godot/imported/tuwan.png-abe546094a3511e27c143ad0613a5692.ctex[39m[0m
[  23% ] [90m[1msavepack[22m | 保存文件：res://assets/redrawn/wave5/tuwan.png.import[39m[0m
[  23% ] [90m[1msavepack[22m | 保存文件：res://.godot/imported/wuwu.png-a7095c0f37f9e00d9e573435811c21b3.ctex[39m[0m
[  23% ] [90m[1msavepack[22m | 保存文件：res://assets/redrawn/wave5/wuwu.png.import[39m[0m
[  23% ] [90m[1msavepack[22m | 保存文件：res://.godot/imported/xiaosongwan.png-bd09bb1447bf53015c732ae531727d41.ctex[39m[0m
[  23% ] [90m[1msavepack[22m | 保存文件：res://assets/redrawn/wave5/xiaosongwan.png.import[39m[0m
[  23% ] [90m[1msavepack[22m | 保存文件：res://.godot/imported/xiazhongshaonv.png-78c4c77cba08a09f2f17b755c47c1279.ctex[39m[0m
[  23% ] [90m[1msavepack[22m | 保存文件：res://assets/redrawn/wave5/xiazhongshaonv.png.import[39m[0m
[  23% ] [90m[1msavepack[22m | 保存文件：res://.godot/imported/xingxiongtongzi.png-94fce0461ef2322a16a1b75da5569486.ctex[39m[0m
[  23% ] [90m[1msavepack[22m | 保存文件：res://assets/redrawn/wave5/xingxiongtongzi.png.import[39m[0m
[  23% ] [90m[1msavepack[22m | 保存文件：res://.godot/imported/yanmo.png-751bdd22f2c850ac643876a33057c6c0.ctex[39m[0m
[  23% ] [90m[1msavepack[22m | 保存文件：res://assets/redrawn/wave5/yanmo.png.import[39m[0m
[  24% ] [90m[1msavepack[22m | 保存文件：res://.godot/imported/yi.png-f6049c7307409284b81d95ad30e47ebd.ctex[39m[0m
[  24% ] [90m[1msavepack[22m | 保存文件：res://assets/redrawn/wave5/yi.png.import[39m[0m
[  24% ] [90m[1msavepack[22m | 保存文件：res://.godot/imported/yixigong.png-01e458140cd565ed187c1dcaced15d58.ctex[39m[0m
[  24% ] [90m[1msavepack[22m | 保存文件：res://assets/redrawn/wave5/yixigong.png.import[39m[0m
[  24% ] [90m[1msavepack[22m | 保存文件：res://.godot/imported/yunwaijing.png-4ed9d5b9e340a4e439823c0b0c059b13.ctex[39m[0m
[  24% ] [90m[1msavepack[22m | 保存文件：res://assets/redrawn/wave5/yunwaijing.png.import[39m[0m
[  24% ] [90m[1msavepack[22m | 保存文件：res://.godot/imported/baize.png-592ac18ad60db146d8335985d3b5bf90.ctex[39m[0m
[  24% ] [90m[1msavepack[22m | 保存文件：res://assets/redrawn/wave6/baize.png.import[39m[0m
[  24% ] [90m[1msavepack[22m | 保存文件：res://.godot/imported/bujianyue.png-2e325ad2a09a58375cfeb5a5e3de3d01.ctex[39m[0m
[  24% ] [90m[1msavepack[22m | 保存文件：res://assets/redrawn/wave6/bujianyue.png.import[39m[0m
[  24% ] [90m[1msavepack[22m | 保存文件：res://.godot/imported/chongshi.png-823fa564f2f960195499613fb45a8bbe.ctex[39m[0m
[  24% ] [90m[1msavepack[22m | 保存文件：res://assets/redrawn/wave6/chongshi.png.import[39m[0m
[  24% ] [90m[1msavepack[22m | 保存文件：res://.godot/imported/choushizhinv.png-c2566b17c554a9708e3a2cc8e8472ff5.ctex[39m[0m
[  24% ] [90m[1msavepack[22m | 保存文件：res://assets/redrawn/wave6/choushizhinv.png.import[39m[0m
[  24% ] [90m[1msavepack[22m | 保存文件：res://.godot/imported/gunvhongye.png-f50c2e0c87f78382013133fadb53c5f2.ctex[39m[0m
[  24% ] [90m[1msavepack[22m | 保存文件：res://assets/redrawn/wave6/gunvhongye.png.import[39m[0m
[  25% ] [90m[1msavepack[22m | 保存文件：res://.godot/imported/hainren.png-4edebf7e77cce97ca56214ac4c3073d6.ctex[39m[0m
[  25% ] [90m[1msavepack[22m | 保存文件：res://assets/redrawn/wave6/hainren.png.import[39m[0m
[  25% ] [90m[1msavepack[22m | 保存文件：res://.godot/imported/huajing.png-14aa4ae4da6a589a8a85e8397abe2099.ctex[39m[0m
[  25% ] [90m[1msavepack[22m | 保存文件：res://assets/redrawn/wave6/huajing.png.import[39m[0m
[  25% ] [90m[1msavepack[22m | 保存文件：res://.godot/imported/huangchuanzhizhu.png-56f950e0b8b4be528051c618947911f4.ctex[39m[0m
[  25% ] [90m[1msavepack[22m | 保存文件：res://assets/redrawn/wave6/huangchuanzhizhu.png.import[39m[0m
[  25% ] [90m[1msavepack[22m | 保存文件：res://.godot/imported/hudiejing.png-36ab5c448a42550379e12ebccfa8e6d9.ctex[39m[0m
[  25% ] [90m[1msavepack[22m | 保存文件：res://assets/redrawn/wave6/hudiejing.png.import[39m[0m
[  25% ] [90m[1msavepack[22m | 保存文件：res://.godot/imported/jialouluo.png-33d121eb0b374f0440cdee6223be7b03.ctex[39m[0m
[  25% ] [90m[1msavepack[22m | 保存文件：res://assets/redrawn/wave6/jialouluo.png.import[39m[0m
[  25% ] [90m[1msavepack[22m | 保存文件：res://.godot/imported/jicanghai.png-7943ead3be160044197e29d2fd3fab26.ctex[39m[0m
[  25% ] [90m[1msavepack[22m | 保存文件：res://assets/redrawn/wave6/jicanghai.png.import[39m[0m
[  25% ] [90m[1msavepack[22m | 保存文件：res://.godot/imported/jinnaluo.png-57a3daaef2046dc3c9bfe2ee955ea42f.ctex[39m[0m
[  25% ] [90m[1msavepack[22m | 保存文件：res://assets/redrawn/wave6/jinnaluo.png.import[39m[0m
[  25% ] [90m[1msavepack[22m | 保存文件：res://.godot/imported/linghaidie.png-eaf78aab86297236c8c11f8e34ebabc1.ctex[39m[0m
[  25% ] [90m[1msavepack[22m | 保存文件：res://assets/redrawn/wave6/linghaidie.png.import[39m[0m
[  25% ] [90m[1msavepack[22m | 保存文件：res://.godot/imported/lingyanji.png-649b30b354e758ab2de917d3034f9a20.ctex[39m[0m
[  25% ] [90m[1msavepack[22m | 保存文件：res://assets/redrawn/wave6/lingyanji.png.import[39m[0m
[  26% ] [90m[1msavepack[22m | 保存文件：res://.godot/imported/liyujing.png-242c33a9b2a1d865471f82d3610f9c52.ctex[39m[0m
[  26% ] [90m[1msavepack[22m | 保存文件：res://assets/redrawn/wave6/liyujing.png.import[39m[0m
[  26% ] [90m[1msavepack[22m | 保存文件：res://.godot/imported/luoxinfu.png-431d8c4410c6ed3cf529815971b1794c.ctex[39m[0m
[  26% ] [90m[1msavepack[22m | 保存文件：res://assets/redrawn/wave6/luoxinfu.png.import[39m[0m
[  26% ] [90m[1msavepack[22m | 保存文件：res://.godot/imported/ninghongye.png-86defefbb3a391bf77e7cb389a9b211f.ctex[39m[0m
[  26% ] [90m[1msavepack[22m | 保存文件：res://assets/redrawn/wave6/ninghongye.png.import[39m[0m
[  26% ] [90m[1msavepack[22m | 保存文件：res://.godot/imported/rurineque.png-8990cff03625cd52443c58e02f928a1c.ctex[39m[0m
[  26% ] [90m[1msavepack[22m | 保存文件：res://assets/redrawn/wave6/rurineque.png.import[39m[0m
[  26% ] [90m[1msavepack[22m | 保存文件：res://.godot/imported/sanweihu.png-1fbe9fc10ee83d2e55fd5b4e67f4d425.ctex[39m[0m
[  26% ] [90m[1msavepack[22m | 保存文件：res://assets/redrawn/wave6/sanweihu.png.import[39m[0m
[  26% ] [90m[1msavepack[22m | 保存文件：res://.godot/imported/shouwu.png-47160dcf69a5523b02376cc65afd2131.ctex[39m[0m
[  26% ] [90m[1msavepack[22m | 保存文件：res://assets/redrawn/wave6/shouwu.png.import[39m[0m
[  26% ] [90m[1msavepack[22m | 保存文件：res://.godot/imported/shuzhu.png-edd796bb8e14c12a854f780325cdfa77.ctex[39m[0m
[  26% ] [90m[1msavepack[22m | 保存文件：res://assets/redrawn/wave6/shuzhu.png.import[39m[0m
[  26% ] [90m[1msavepack[22m | 保存文件：res://.godot/imported/tayumenhutao.png-f2fd6ed5d8ebe8401d69231b17f103e0.ctex[39m[0m
[  26% ] [90m[1msavepack[22m | 保存文件：res://assets/redrawn/wave6/tayumenhutao.png.import[39m[0m
[  27% ] [90m[1msavepack[22m | 保存文件：res://.godot/imported/wannianzhu.png-c1471be15235b04c2421cb54f0504182.ctex[39m[0m
[  27% ] [90m[1msavepack[22m | 保存文件：res://assets/redrawn/wave6/wannianzhu.png.import[39m[0m
[  27% ] [90m[1msavepack[22m | 保存文件：res://.godot/imported/wuchen.png-c0fa69ee47d800b5fb6b7994c05db774.ctex[39m[0m
[  27% ] [90m[1msavepack[22m | 保存文件：res://assets/redrawn/wave6/wuchen.png.import[39m[0m
[  27% ] [90m[1msavepack[22m | 保存文件：res://.godot/imported/xieenv.png-edeae054ef0d106145a3fd4b16b2d610.ctex[39m[0m
[  27% ] [90m[1msavepack[22m | 保存文件：res://assets/redrawn/wave6/xieenv.png.import[39m[0m
[  27% ] [90m[1msavepack[22m | 保存文件：res://.godot/imported/xunxiangxing.png-b08737c6885e69c343e74addc4f213a1.ctex[39m[0m
[  27% ] [90m[1msavepack[22m | 保存文件：res://assets/redrawn/wave6/xunxiangxing.png.import[39m[0m
[  27% ] [90m[1msavepack[22m | 保存文件：res://.godot/imported/xuzuozhinan.png-852a53de78be5e7f1b355f25bb7956e9.ctex[39m[0m
[  27% ] [90m[1msavepack[22m | 保存文件：res://assets/redrawn/wave6/xuzuozhinan.png.import[39m[0m
[  27% ] [90m[1msavepack[22m | 保存文件：res://.godot/imported/yecha.png-acf3f196cc317735b7ed56a46cfb4272.ctex[39m[0m
[  27% ] [90m[1msavepack[22m | 保存文件：res://assets/redrawn/wave6/yecha.png.import[39m[0m
[  27% ] [90m[1msavepack[22m | 保存文件：res://.godot/imported/yifanmumian.png-923c50b700f59c691f5491dd268ccb25.ctex[39m[0m
[  27% ] [90m[1msavepack[22m | 保存文件：res://assets/redrawn/wave6/yifanmumian.png.import[39m[0m
[  27% ] [90m[1msavepack[22m | 保存文件：res://.godot/imported/yinge.png-ed2e1501e363b115486b30a2f5fa41f9.ctex[39m[0m
[  27% ] [90m[1msavepack[22m | 保存文件：res://assets/redrawn/wave6/yinge.png.import[39m[0m
[  27% ] [90m[1msavepack[22m | 保存文件：res://.godot/imported/yitiao.png-7f35ece55ca51ab541f7201f9c20d180.ctex[39m[0m
[  27% ] [90m[1msavepack[22m | 保存文件：res://assets/redrawn/wave6/yitiao.png.import[39m[0m
[  28% ] [90m[1msavepack[22m | 保存文件：res://.godot/imported/yujuchong.png-d8edb994b83255d29b2ebc31e7d9d728.ctex[39m[0m
[  28% ] [90m[1msavepack[22m | 保存文件：res://assets/redrawn/wave6/yujuchong.png.import[39m[0m
[  28% ] [90m[1msavepack[22m | 保存文件：res://.godot/imported/caitong-lvli.png-6fd5999db141d42927fab48ef5237e9b.ctex[39m[0m
[  28% ] [90m[1msavepack[22m | 保存文件：res://assets/redrawn/wave7/caitong-lvli.png.import[39m[0m
[  28% ] [90m[1msavepack[22m | 保存文件：res://.godot/imported/chuanyuan.png-0b19f24e5a7e8270f76490a829570494.ctex[39m[0m
[  28% ] [90m[1msavepack[22m | 保存文件：res://assets/redrawn/wave7/chuanyuan.png.import[39m[0m
[  28% ] [90m[1msavepack[22m | 保存文件：res://.godot/imported/datiangou-gangfeng.png-6c27bbb2e30a002395d436850e05ec11.ctex[39m[0m
[  28% ] [90m[1msavepack[22m | 保存文件：res://assets/redrawn/wave7/datiangou-gangfeng.png.import[39m[0m
[  28% ] [90m[1msavepack[22m | 保存文件：res://.godot/imported/erkounv.png-f24410f8b05c445e2288116108234a7b.ctex[39m[0m
[  28% ] [90m[1msavepack[22m | 保存文件：res://assets/redrawn/wave7/erkounv.png.import[39m[0m
[  28% ] [90m[1msavepack[22m | 保存文件：res://.godot/imported/fenpopo.png-34e4e40007bace9190193f814bb417d7.ctex[39m[0m
[  28% ] [90m[1msavepack[22m | 保存文件：res://assets/redrawn/wave7/fenpopo.png.import[39m[0m
[  28% ] [90m[1msavepack[22m | 保存文件：res://.godot/imported/gulonghuo.png-56e8c2e622f41d99cc5f70ff1e70a11f.ctex[39m[0m
[  28% ] [90m[1msavepack[22m | 保存文件：res://assets/redrawn/wave7/gulonghuo.png.import[39m[0m
[  28% ] [90m[1msavepack[22m | 保存文件：res://.godot/imported/guniao-yuxiang.png-85a9dd412a3c25f47c474c9f18f1ee60.ctex[39m[0m
[  28% ] [90m[1msavepack[22m | 保存文件：res://assets/redrawn/wave7/guniao-yuxiang.png.import[39m[0m
[  29% ] [90m[1msavepack[22m | 保存文件：res://.godot/imported/huimingdeng.png-f6e3a8492064f342c48574bc081cb2ea.ctex[39m[0m
[  29% ] [90m[1msavepack[22m | 保存文件：res://assets/redrawn/wave7/huimingdeng.png.import[39m[0m
[  29% ] [90m[1msavepack[22m | 保存文件：res://.godot/imported/ji.png-7512cd8937964e46bff7bae5c997e008.ctex[39m[0m
[  29% ] [90m[1msavepack[22m | 保存文件：res://assets/redrawn/wave7/ji.png.import[39m[0m
[  29% ] [90m[1msavepack[22m | 保存文件：res://.godot/imported/jiao.png-91634cb76c773fec67849b405fae3f0a.ctex[39m[0m
[  29% ] [90m[1msavepack[22m | 保存文件：res://assets/redrawn/wave7/jiao.png.import[39m[0m
[  29% ] [90m[1msavepack[22m | 保存文件：res://.godot/imported/jutun-wangkong.png-99abad218d7813f0d99f5f25ae16d76e.ctex[39m[0m
[  29% ] [90m[1msavepack[22m | 保存文件：res://assets/redrawn/wave7/jutun-wangkong.png.import[39m[0m
[  29% ] [90m[1msavepack[22m | 保存文件：res://.godot/imported/kongquemingwang.png-cc640ec3c11ea1b3bfb40728bfe0ebc0.ctex[39m[0m
[  29% ] [90m[1msavepack[22m | 保存文件：res://assets/redrawn/wave7/kongquemingwang.png.import[39m[0m
[  29% ] [90m[1msavepack[22m | 保存文件：res://.godot/imported/langyazi.png-527a2a8503f67fcb8009a1292748fa16.ctex[39m[0m
[  29% ] [90m[1msavepack[22m | 保存文件：res://assets/redrawn/wave7/langyazi.png.import[39m[0m
[  29% ] [90m[1msavepack[22m | 保存文件：res://.godot/imported/panguan-xuanmo.png-6532eedb262a0998685a4fb39b6ba155.ctex[39m[0m
[  29% ] [90m[1msavepack[22m | 保存文件：res://assets/redrawn/wave7/panguan-xuanmo.png.import[39m[0m
[  29% ] [90m[1msavepack[22m | 保存文件：res://.godot/imported/qingfangzhu-fanchen.png-8e3bcab370b10701e40495ef7d9c3e99.ctex[39m[0m
[  29% ] [90m[1msavepack[22m | 保存文件：res://assets/redrawn/wave7/qingfangzhu-fanchen.png.import[39m[0m
[  30% ] [90m[1msavepack[22m | 保存文件：res://.godot/imported/qingxingdeng-huihuo.png-3aadca5382779bf80c4b8f33ef9a8c1d.ctex[39m[0m
[  30% ] [90m[1msavepack[22m | 保存文件：res://assets/redrawn/wave7/qingxingdeng-huihuo.png.import[39m[0m
[  30% ] [90m[1msavepack[22m | 保存文件：res://.godot/imported/quanshen-lizhan.png-449c92940f727d8ab5a7fc4236c48a35.ctex[39m[0m
[  30% ] [90m[1msavepack[22m | 保存文件：res://assets/redrawn/wave7/quanshen-lizhan.png.import[39m[0m
[  30% ] [90m[1msavepack[22m | 保存文件：res://.godot/imported/shantu-zuofu.png-447bbd5fc11a37042fde924d78e276ff.ctex[39m[0m
[  30% ] [90m[1msavepack[22m | 保存文件：res://assets/redrawn/wave7/shantu-zuofu.png.import[39m[0m
[  30% ] [90m[1msavepack[22m | 保存文件：res://.godot/imported/shifagui.png-e77bda956b245ea9eaa33cf3964af167.ctex[39m[0m
[  30% ] [90m[1msavepack[22m | 保存文件：res://assets/redrawn/wave7/shifagui.png.import[39m[0m
[  30% ] [90m[1msavepack[22m | 保存文件：res://.godot/imported/taohua-luoying.png-dfe596388489dd348780aef87a77e6f3.ctex[39m[0m
[  30% ] [90m[1msavepack[22m | 保存文件：res://assets/redrawn/wave7/taohua-luoying.png.import[39m[0m
[  30% ] [90m[1msavepack[22m | 保存文件：res://.godot/imported/tiannimei.png-820cf8d1c424d47d16127dc592497b36.ctex[39m[0m
[  30% ] [90m[1msavepack[22m | 保存文件：res://assets/redrawn/wave7/tiannimei.png.import[39m[0m
[  30% ] [90m[1msavepack[22m | 保存文件：res://.godot/imported/xiaoxiuzhishou.png-703496d35eac907b95ec771ccfb4aa81.ctex[39m[0m
[  30% ] [90m[1msavepack[22m | 保存文件：res://assets/redrawn/wave7/xiaoxiuzhishou.png.import[39m[0m
[  30% ] [90m[1msavepack[22m | 保存文件：res://.godot/imported/yanling.png-41d712bfae09e5974fcd498cf003cbd5.ctex[39m[0m
[  30% ] [90m[1msavepack[22m | 保存文件：res://assets/redrawn/wave7/yanling.png.import[39m[0m
[  30% ] [90m[1msavepack[22m | 保存文件：res://.godot/imported/yaodaoji-zhuren.png-b6445f7b9ae589a680e6a0cda5852637.ctex[39m[0m
[  30% ] [90m[1msavepack[22m | 保存文件：res://assets/redrawn/wave7/yaodaoji-zhuren.png.import[39m[0m
[  31% ] [90m[1msavepack[22m | 保存文件：res://.godot/imported/yimulian-linglai.png-17430570ef6eb28b49e053c0454eaf38.ctex[39m[0m
[  31% ] [90m[1msavepack[22m | 保存文件：res://assets/redrawn/wave7/yimulian-linglai.png.import[39m[0m
[  31% ] [90m[1msavepack[22m | 保存文件：res://.godot/imported/alaina.png-5c794d5edc0683a270a26b0906de9af7.ctex[39m[0m
[  31% ] [90m[1msavepack[22m | 保存文件：res://assets/redrawn/wave8/alaina.png.import[39m[0m
[  31% ] [90m[1msavepack[22m | 保存文件：res://.godot/imported/chen.png-1fb14e78ff36039966aede1db201629f.ctex[39m[0m
[  31% ] [90m[1msavepack[22m | 保存文件：res://assets/redrawn/wave8/chen.png.import[39m[0m
[  31% ] [90m[1msavepack[22m | 保存文件：res://.godot/imported/daorenshen.png-67d3d7ad332698fb3fe2614f4e76c582.ctex[39m[0m
[  31% ] [90m[1msavepack[22m | 保存文件：res://assets/redrawn/wave8/daorenshen.png.import[39m[0m
[  31% ] [90m[1msavepack[22m | 保存文件：res://.godot/imported/ertong.png-d328166d15cac698d55bdeb5d0ae9af7.ctex[39m[0m
[  31% ] [90m[1msavepack[22m | 保存文件：res://assets/redrawn/wave8/ertong.png.import[39m[0m
[  31% ] [90m[1msavepack[22m | 保存文件：res://.godot/imported/fansi.png-b905e421ed8b0bd5d2e83f514f6da005.ctex[39m[0m
[  31% ] [90m[1msavepack[22m | 保存文件：res://assets/redrawn/wave8/fansi.png.import[39m[0m
[  31% ] [90m[1msavepack[22m | 保存文件：res://.godot/imported/guishibai.png-f6b26441bdb6c6dc4f8678e9fd60621a.ctex[39m[0m
[  31% ] [90m[1msavepack[22m | 保存文件：res://assets/redrawn/wave8/guishibai.png.import[39m[0m
[  31% ] [90m[1msavepack[22m | 保存文件：res://.godot/imported/guishihei.png-4e419cebb25524f3d4fbd87717fc1f0e.ctex[39m[0m
[  31% ] [90m[1msavepack[22m | 保存文件：res://assets/redrawn/wave8/guishihei.png.import[39m[0m
[  32% ] [90m[1msavepack[22m | 保存文件：res://.godot/imported/gunv.png-853a49800c68c97c38bfcfe036a2ecef.ctex[39m[0m
[  32% ] [90m[1msavepack[22m | 保存文件：res://assets/redrawn/wave8/gunv.png.import[39m[0m
[  32% ] [90m[1msavepack[22m | 保存文件：res://.godot/imported/huang-qiming.png-2a94d88fbaab652b5fec3046ae8bca83.ctex[39m[0m
[  32% ] [90m[1msavepack[22m | 保存文件：res://assets/redrawn/wave8/huang-qiming.png.import[39m[0m
[  32% ] [90m[1msavepack[22m | 保存文件：res://.godot/imported/longzi.png-4013d1ce5710cfafdc30b62d71036f12.ctex[39m[0m
[  32% ] [90m[1msavepack[22m | 保存文件：res://assets/redrawn/wave8/longzi.png.import[39m[0m
[  32% ] [90m[1msavepack[22m | 保存文件：res://.godot/imported/maochuan.png-3265f3aa90df8f979fcdb4cf917930c6.ctex[39m[0m
[  32% ] [90m[1msavepack[22m | 保存文件：res://assets/redrawn/wave8/maochuan.png.import[39m[0m
[  32% ] [90m[1msavepack[22m | 保存文件：res://.godot/imported/mianqiling-xinsu.png-d771fd88ed92e5d5dd78daaa8c97e56d.ctex[39m[0m
[  32% ] [90m[1msavepack[22m | 保存文件：res://assets/redrawn/wave8/mianqiling-xinsu.png.import[39m[0m
[  32% ] [90m[1msavepack[22m | 保存文件：res://.godot/imported/rihefang-qingyang.png-916758a4ec7bf2a0c42ab17971004e5c.ctex[39m[0m
[  32% ] [90m[1msavepack[22m | 保存文件：res://assets/redrawn/wave8/rihefang-qingyang.png.import[39m[0m
[  32% ] [90m[1msavepack[22m | 保存文件：res://.godot/imported/tianzhao.png-445586c94f48446c4cca5ee24daf9c89.ctex[39m[0m
[  32% ] [90m[1msavepack[22m | 保存文件：res://assets/redrawn/wave8/tianzhao.png.import[39m[0m
[  32% ] [90m[1msavepack[22m | 保存文件：res://.godot/imported/tongnantongnv.png-0da9de162ac451aad07a4f0fca52d2fc.ctex[39m[0m
[  32% ] [90m[1msavepack[22m | 保存文件：res://assets/redrawn/wave8/tongnantongnv.png.import[39m[0m
[  32% ] [90m[1msavepack[22m | 保存文件：res://.godot/imported/wushi-maoshi.png-33347bb21ac7abeec6ae215f7afb5eb5.ctex[39m[0m
[  32% ] [90m[1msavepack[22m | 保存文件：res://assets/redrawn/wave8/wushi-maoshi.png.import[39m[0m
[  33% ] [90m[1msavepack[22m | 保存文件：res://.godot/imported/xiaolunan-qianshou.png-dcc77b124e814a77b86b7dbee2cc4480.ctex[39m[0m
[  33% ] [90m[1msavepack[22m | 保存文件：res://assets/redrawn/wave8/xiaolunan-qianshou.png.import[39m[0m
[  33% ] [90m[1msavepack[22m | 保存文件：res://.godot/imported/yanyanluo-fumiao.png-5cd9889463d7222ecebb7a528e0373a2.ctex[39m[0m
[  33% ] [90m[1msavepack[22m | 保存文件：res://assets/redrawn/wave8/yanyanluo-fumiao.png.import[39m[0m
[  33% ] [90m[1msavepack[22m | 保存文件：res://.godot/imported/yingcao-pupu.png-42ced2e73579395f9143c875e11c7d65.ctex[39m[0m
[  33% ] [90m[1msavepack[22m | 保存文件：res://assets/redrawn/wave8/yingcao-pupu.png.import[39m[0m
[  33% ] [90m[1msavepack[22m | 保存文件：res://.godot/imported/yixienamei.png-a1145f7d895504c028bf27862b1f558f.ctex[39m[0m
[  33% ] [90m[1msavepack[22m | 保存文件：res://assets/redrawn/wave8/yixienamei.png.import[39m[0m
[  33% ] [90m[1msavepack[22m | 保存文件：res://.godot/imported/youning.png-866e53b3e22685700927348e9dda5a31.ctex[39m[0m
[  33% ] [90m[1msavepack[22m | 保存文件：res://assets/redrawn/wave8/youning.png.import[39m[0m
[  33% ] [90m[1msavepack[22m | 保存文件：res://.godot/imported/yuedu.png-53d5b8a2d23d2b9fd34b8c9637608e31.ctex[39m[0m
[  33% ] [90m[1msavepack[22m | 保存文件：res://assets/redrawn/wave8/yuedu.png.import[39m[0m
[  33% ] [90m[1msavepack[22m | 保存文件：res://.godot/imported/yunv.png-1ecf2765da7ca77ba0ba29209bbc094e.ctex[39m[0m
[  33% ] [90m[1msavepack[22m | 保存文件：res://assets/redrawn/wave8/yunv.png.import[39m[0m
[  33% ] [90m[1msavepack[22m | 保存文件：res://.godot/imported/zhiwu.png-97efd21fa61976a32f4c53a22d890ccb.ctex[39m[0m
[  33% ] [90m[1msavepack[22m | 保存文件：res://assets/redrawn/wave8/zhiwu.png.import[39m[0m
[  33% ] [90m[1msavepack[22m | 保存文件：res://.godot/imported/zhuiyueshen-shuiyue.png-86bf3c80955333f14385db42a2055774.ctex[39m[0m
[  33% ] [90m[1msavepack[22m | 保存文件：res://assets/redrawn/wave8/zhuiyueshen-shuiyue.png.import[39m[0m
[  33% ] [90m[1msavepack[22m | 保存文件：res://.godot/imported/baizangzhu-lixin.png-9ba40ded1592586b33e208622e845c54.ctex[39m[0m
[  33% ] [90m[1msavepack[22m | 保存文件：res://assets/redrawn/wave9/baizangzhu-lixin.png.import[39m[0m
[  33% ] [90m[1msavepack[22m | 保存文件：res://.godot/imported/chanxinyunwaijing.png-c8a9077ae01da63b6ce1c17158e3b8fe.ctex[39m[0m
[  33% ] [90m[1msavepack[22m | 保存文件：res://assets/redrawn/wave9/chanxinyunwaijing.png.import[39m[0m
[  33% ] [90m[1msavepack[22m | 保存文件：res://.godot/imported/chili.png-49e114c41c3cb031f192ebe161628188.ctex[39m[0m
[  33% ] [90m[1msavepack[22m | 保存文件：res://assets/redrawn/wave9/chili.png.import[39m[0m
[  33% ] [90m[1msavepack[22m | 保存文件：res://.godot/imported/chulingshanfeng.png-f413669ddeb2a7d1dd7beebc42bd550a.ctex[39m[0m
[  33% ] [90m[1msavepack[22m | 保存文件：res://assets/redrawn/wave9/chulingshanfeng.png.import[39m[0m
[  33% ] [90m[1msavepack[22m | 保存文件：res://.godot/imported/daixiaoguhuoniao.png-2702966180e212071676416de7893243.ctex[39m[0m
[  33% ] [90m[1msavepack[22m | 保存文件：res://assets/redrawn/wave9/daixiaoguhuoniao.png.import[39m[0m
[  33% ] [90m[1msavepack[22m | 保存文件：res://.godot/imported/dayueling-yuxin.png-7ce85e08be178887831f7b95c7ae77e4.ctex[39m[0m
[  33% ] [90m[1msavepack[22m | 保存文件：res://assets/redrawn/wave9/dayueling-yuxin.png.import[39m[0m
[  33% ] [90m[1msavepack[22m | 保存文件：res://.godot/imported/fenghuanghuo-jingyu.png-6f0b0cf6b64dfe8c0f87a32ce34f0068.ctex[39m[0m
[  33% ] [90m[1msavepack[22m | 保存文件：res://assets/redrawn/wave9/fenghuanghuo-jingyu.png.import[39m[0m
[  34% ] [90m[1msavepack[22m | 保存文件：res://.godot/imported/fengyangjun.png-00a9a70389e9d2c6de93f281efe48816.ctex[39m[0m
[  34% ] [90m[1msavepack[22m | 保存文件：res://assets/redrawn/wave9/fengyangjun.png.import[39m[0m
[  34% ] [90m[1msavepack[22m | 保存文件：res://.godot/imported/geluoduo.png-48b21c50f4e0fbc38ee135650a29e918.ctex[39m[0m
[  34% ] [90m[1msavepack[22m | 保存文件：res://assets/redrawn/wave9/geluoduo.png.import[39m[0m
[  34% ] [90m[1msavepack[22m | 保存文件：res://.godot/imported/guijinyang.png-06987732cece74b9b6f5664a60bfc4a3.ctex[39m[0m
[  34% ] [90m[1msavepack[22m | 保存文件：res://assets/redrawn/wave9/guijinyang.png.import[39m[0m
[  34% ] [90m[1msavepack[22m | 保存文件：res://.godot/imported/huojinshen.png-913e41dd5fb00fb2bac2e4489938fbd1.ctex[39m[0m
[  34% ] [90m[1msavepack[22m | 保存文件：res://assets/redrawn/wave9/huojinshen.png.import[39m[0m
[  34% ] [90m[1msavepack[22m | 保存文件：res://.godot/imported/jieshen-suiyuan.png-e2da7331af4223a55f940811106fbda6.ctex[39m[0m
[  34% ] [90m[1msavepack[22m | 保存文件：res://assets/redrawn/wave9/jieshen-suiyuan.png.import[39m[0m
[  34% ] [90m[1msavepack[22m | 保存文件：res://.godot/imported/jintianyuzaoqian.png-0db53f3a6de4ff6a899563ba63d5fb88.ctex[39m[0m
[  34% ] [90m[1msavepack[22m | 保存文件：res://assets/redrawn/wave9/jintianyuzaoqian.png.import[39m[0m
[  34% ] [90m[1msavepack[22m | 保存文件：res://.godot/imported/longche.png-955447b8588e0282c50edb180273d1f7.ctex[39m[0m
[  34% ] [90m[1msavepack[22m | 保存文件：res://assets/redrawn/wave9/longche.png.import[39m[0m
[  34% ] [90m[1msavepack[22m | 保存文件：res://.godot/imported/longjue.png-5723a95e06a525e5bbaf01d243b26495.ctex[39m[0m
[  34% ] [90m[1msavepack[22m | 保存文件：res://assets/redrawn/wave9/longjue.png.import[39m[0m
[  34% ] [90m[1msavepack[22m | 保存文件：res://.godot/imported/maozhanggui-huanyan.png-7abd6eb52f6e5f7478a7f603b8f2b069.ctex[39m[0m
[  34% ] [90m[1msavepack[22m | 保存文件：res://assets/redrawn/wave9/maozhanggui-huanyan.png.import[39m[0m
[  35% ] [90m[1msavepack[22m | 保存文件：res://.godot/imported/pinfashen.png-9036f9a6395e960c333b6e523f90b19f.ctex[39m[0m
[  35% ] [90m[1msavepack[22m | 保存文件：res://assets/redrawn/wave9/pinfashen.png.import[39m[0m
[  35% ] [90m[1msavepack[22m | 保存文件：res://.godot/imported/shenqilou.png-4dce186b15ba2ef75ae7843b1274c08d.ctex[39m[0m
[  35% ] [90m[1msavepack[22m | 保存文件：res://assets/redrawn/wave9/shenqilou.png.import[39m[0m
[  35% ] [90m[1msavepack[22m | 保存文件：res://.godot/imported/shuweng-zhixing.png-175c4ab8cafd6be45e5734172840889e.ctex[39m[0m
[  35% ] [90m[1msavepack[22m | 保存文件：res://assets/redrawn/wave9/shuweng-zhixing.png.import[39m[0m
[  35% ] [90m[1msavepack[22m | 保存文件：res://.godot/imported/sibing.png-3c464e61201857ad83bf489fda15de5d.ctex[39m[0m
[  35% ] [90m[1msavepack[22m | 保存文件：res://assets/redrawn/wave9/sibing.png.import[39m[0m
[  35% ] [90m[1msavepack[22m | 保存文件：res://.godot/imported/tieshu-haojia.png-40d923b0874dc20516039566694249d3.ctex[39m[0m
[  35% ] [90m[1msavepack[22m | 保存文件：res://assets/redrawn/wave9/tieshu-haojia.png.import[39m[0m
[  35% ] [90m[1msavepack[22m | 保存文件：res://.godot/imported/xixueji-xiyi.png-fd980039b0efdfff06208d58297a8a6a.ctex[39m[0m
[  35% ] [90m[1msavepack[22m | 保存文件：res://assets/redrawn/wave9/xixueji-xiyi.png.import[39m[0m
[  35% ] [90m[1msavepack[22m | 保存文件：res://.godot/imported/yatiangou-qiuye.png-b09938d2edf025a4d3dccf7e3533bce6.ctex[39m[0m
[  35% ] [90m[1msavepack[22m | 保存文件：res://assets/redrawn/wave9/yatiangou-qiuye.png.import[39m[0m
[  35% ] [90m[1msavepack[22m | 保存文件：res://.godot/imported/yijin-qianxun.png-541e0d28500654e8d46e7a2c6d0dbf61.ctex[39m[0m
[  35% ] [90m[1msavepack[22m | 保存文件：res://assets/redrawn/wave9/yijin-qianxun.png.import[39m[0m
[  36% ] [90m[1msavepack[22m | 保存文件：res://.godot/imported/yinfanhuiyeji.png-52916d041ee449f342fcb2aa0f7084a3.ctex[39m[0m
[  36% ] [90m[1msavepack[22m | 保存文件：res://assets/redrawn/wave9/yinfanhuiyeji.png.import[39m[0m
[  36% ] [90m[1msavepack[22m | 保存文件：res://.godot/imported/yinghuayao-lijing.png-81277786a689b6f9079122779d6ce2e2.ctex[39m[0m
[  36% ] [90m[1msavepack[22m | 保存文件：res://assets/redrawn/wave9/yinghuayao-lijing.png.import[39m[0m
[  36% ] [90m[1msavepack[22m | 保存文件：res://.godot/imported/zhaocaimao.png-0eba3347e36adc3f892b1feab2267158.ctex[39m[0m
[  36% ] [90m[1msavepack[22m | 保存文件：res://assets/redrawn/wave9/zhaocaimao.png.import[39m[0m
[  36% ] [90m[1msavepack[22m | 保存文件：res://.godot/imported/nezuko.png-213eb9c302bfdc25540e7727d2cef122.ctex[39m[0m
[  36% ] [90m[1msavepack[22m | 保存文件：res://assets/redrawn/wave10/nezuko.png.import[39m[0m
[  36% ] [90m[1msavepack[22m | 保存文件：res://.godot/imported/tanjirou.png-8ad1be2b5d20a64030f36f6c523529f5.ctex[39m[0m
[  36% ] [90m[1msavepack[22m | 保存文件：res://assets/redrawn/wave10/tanjirou.png.import[39m[0m
[  36% ] [90m[1msavepack[22m | 保存文件：res://.godot/imported/bingqiang.png-a35a83e3f252943341fec2d29410aa97.ctex[39m[0m
[  36% ] [90m[1msavepack[22m | 保存文件：res://assets/redrawn/wave11/bingqiang.png.import[39m[0m
[  36% ] [90m[1msavepack[22m | 保存文件：res://.godot/imported/fanqie.png-11b586ffe690d891f6270497952025a0.ctex[39m[0m
[  36% ] [90m[1msavepack[22m | 保存文件：res://assets/redrawn/wave11/fanqie.png.import[39m[0m
[  36% ] [90m[1msavepack[22m | 保存文件：res://.godot/imported/huangjinyu-ling.png-28e535cb4a3060b7067c17cb36d583d6.ctex[39m[0m
[  36% ] [90m[1msavepack[22m | 保存文件：res://assets/redrawn/wave11/huangjinyu-ling.png.import[39m[0m
[  36% ] [90m[1msavepack[22m | 保存文件：res://.godot/imported/jinran-buye.png-1874382ba62ad893c68f12d4a61771e2.ctex[39m[0m
[  36% ] [90m[1msavepack[22m | 保存文件：res://assets/redrawn/wave11/jinran-buye.png.import[39m[0m
[  37% ] [90m[1msavepack[22m | 保存文件：res://.godot/imported/mingdeng-shou.png-8c51de53433f4c2997a34d0387aa2d5d.ctex[39m[0m
[  37% ] [90m[1msavepack[22m | 保存文件：res://assets/redrawn/wave11/mingdeng-shou.png.import[39m[0m
[  37% ] [90m[1msavepack[22m | 保存文件：res://.godot/imported/shouhu-ling.png-df4844a104f2f6b0398892d9e956bd5c.ctex[39m[0m
[  37% ] [90m[1msavepack[22m | 保存文件：res://assets/redrawn/wave11/shouhu-ling.png.import[39m[0m
[  37% ] [90m[1msavepack[22m | 保存文件：res://.godot/imported/xinmo.png-983acf324984198e97065da01eec0904.ctex[39m[0m
[  37% ] [90m[1msavepack[22m | 保存文件：res://assets/redrawn/wave11/xinmo.png.import[39m[0m
[  37% ] [90m[1msavepack[22m | 保存文件：res://.godot/imported/xueqiu-jingling.png-a121e694aa2da2e50d70e113baf230e6.ctex[39m[0m
[  37% ] [90m[1msavepack[22m | 保存文件：res://assets/redrawn/wave11/xueqiu-jingling.png.import[39m[0m
[  37% ] [90m[1msavepack[22m | 保存文件：res://.godot/imported/yanyanluo-fenshen.png-68e1f8f55ed46c46a9585668e8d4a2f3.ctex[39m[0m
[  37% ] [90m[1msavepack[22m | 保存文件：res://assets/redrawn/wave11/yanyanluo-fenshen.png.import[39m[0m
[  37% ] [90m[1msavepack[22m | 保存文件：res://.godot/imported/zhiren.png-3edebcafbc018b70d5e11684bddcd0c0.ctex[39m[0m
[  37% ] [90m[1msavepack[22m | 保存文件：res://assets/redrawn/wave11/zhiren.png.import[39m[0m
[  37% ] [90m[1msavepack[22m | 保存文件：res://.godot/imported/jinguang.png-bdd13db944d666e4a37dbe47635eed0b.ctex[39m[0m
[  37% ] [90m[1msavepack[22m | 保存文件：res://assets/redrawn/wave12/jinguang.png.import[39m[0m
[  37% ] [90m[1msavepack[22m | 保存文件：res://.godot/imported/leiyin.png-dd29831bf64fc6a59ed0e3204926d2b2.ctex[39m[0m
[  37% ] [90m[1msavepack[22m | 保存文件：res://assets/redrawn/wave12/leiyin.png.import[39m[0m
[  38% ] [90m[1msavepack[22m | 保存文件：res://.godot/imported/momo.png-c284dae454cfef45839445f5f4ffdbed.ctex[39m[0m
[  38% ] [90m[1msavepack[22m | 保存文件：res://assets/redrawn/wave12/momo.png.import[39m[0m
[  38% ] [90m[1msavepack[22m | 保存文件：res://.godot/imported/shizhu.png-b51be6eeb2773d66857348b5c715898c.ctex[39m[0m
[  38% ] [90m[1msavepack[22m | 保存文件：res://assets/redrawn/wave12/shizhu.png.import[39m[0m
[  38% ] [90m[1msavepack[22m | 保存文件：res://.godot/imported/shuimo.png-9c57117802384a6912ab85a41107da38.ctex[39m[0m
[  38% ] [90m[1msavepack[22m | 保存文件：res://assets/redrawn/wave12/shuimo.png.import[39m[0m
[  38% ] [90m[1msavepack[22m | 保存文件：res://.godot/imported/xingchen.png-85c8a3e194df510ca099e9067813148a.ctex[39m[0m
[  38% ] [90m[1msavepack[22m | 保存文件：res://assets/redrawn/wave12/xingchen.png.import[39m[0m
[  38% ] [90m[1msavepack[22m | 保存文件：res://.godot/imported/yanling-huo.png-fc7f641d4ba608e6aa11b96496962d6c.ctex[39m[0m
[  38% ] [90m[1msavepack[22m | 保存文件：res://assets/redrawn/wave12/yanling-huo.png.import[39m[0m
[  38% ] [90m[1msavepack[22m | 保存文件：res://.godot/imported/yueying.png-8ba6d3826f85197236158a59b812bdbe.ctex[39m[0m
[  38% ] [90m[1msavepack[22m | 保存文件：res://assets/redrawn/wave12/yueying.png.import[39m[0m
[  38% ] [90m[1msavepack[22m | 保存文件：res://.godot/imported/baize-yuanqi.png-c739290789bd5d00d642c009705bce66.ctex[39m[0m
[  38% ] [90m[1msavepack[22m | 保存文件：res://assets/redrawn/wave13/baize-yuanqi.png.import[39m[0m
[  38% ] [90m[1msavepack[22m | 保存文件：res://.godot/imported/luohou.png-bbd5d73f42cf0914ec43d6b6427cd1f0.ctex[39m[0m
[  38% ] [90m[1msavepack[22m | 保存文件：res://assets/redrawn/wave13/luohou.png.import[39m[0m
[  39% ] [90m[1msavepack[22m | 保存文件：res://.godot/imported/shenqi-huang.png-37ba7dfa0b48a11922c016d35cbe9cae.ctex[39m[0m
[  39% ] [90m[1msavepack[22m | 保存文件：res://assets/redrawn/wave13/shenqi-huang.png.import[39m[0m
[  39% ] [90m[1msavepack[22m | 保存文件：res://.godot/imported/shiyao-longyechaji.png-b4d35e79d3aa4cc7db3c39ff017db987.ctex[39m[0m
[  39% ] [90m[1msavepack[22m | 保存文件：res://assets/redrawn/wave13/shiyao-longyechaji.png.import[39m[0m
[  39% ] [90m[1msavepack[22m | 保存文件：res://.godot/imported/xuan.png-cbb3cde7f32e7cccea8b0866ae1d329a.ctex[39m[0m
[  39% ] [90m[1msavepack[22m | 保存文件：res://assets/redrawn/wave13/xuan.png.import[39m[0m
[  39% ] [90m[1msavepack[22m | 保存文件：res://.godot/imported/yuyuan-banruo.png-31dff2b3a3515d03d3f9544a7cc766a5.ctex[39m[0m
[  39% ] [90m[1msavepack[22m | 保存文件：res://assets/redrawn/wave13/yuyuan-banruo.png.import[39m[0m
[  39% ] [90m[1msavepack[22m | 保存文件：res://assets/redrawn/portraits.json[39m[0m
[  39% ] [90m[1msavepack[22m | 保存文件：res://assets/redrawn/prompts-classic-completion.json[39m[0m
[  39% ] [90m[1msavepack[22m | 保存文件：res://assets/redrawn/prompts-origin.json[39m[0m
[  39% ] [90m[1msavepack[22m | 保存文件：res://assets/redrawn/prompts-wave2-wave3.json[39m[0m
[  39% ] [90m[1msavepack[22m | 保存文件：res://assets/redrawn/prompts-wave4.json[39m[0m
[  40% ] [90m[1msavepack[22m | 保存文件：res://assets/redrawn/prompts-wave5.json[39m[0m
[  40% ] [90m[1msavepack[22m | 保存文件：res://assets/redrawn/prompts-wave6.json[39m[0m
[  40% ] [90m[1msavepack[22m | 保存文件：res://assets/redrawn/prompts-wave7.json[39m[0m
[  40% ] [90m[1msavepack[22m | 保存文件：res://assets/redrawn/prompts-wave8.json[39m[0m
[  40% ] [90m[1msavepack[22m | 保存文件：res://assets/redrawn/prompts-wave9.json[39m[0m
[  40% ] [90m[1msavepack[22m | 保存文件：res://assets/redrawn/prompts-wave10.json[39m[0m
[  40% ] [90m[1msavepack[22m | 保存文件：res://assets/redrawn/prompts-wave11.json[39m[0m
[  40% ] [90m[1msavepack[22m | 保存文件：res://assets/redrawn/prompts-wave12.json[39m[0m
[  41% ] [90m[1msavepack[22m | 保存文件：res://assets/redrawn/prompts-wave13.json[39m[0m
[  41% ] [90m[1msavepack[22m | 保存文件：res://assets/redrawn/prompts.json[39m[0m
[  41% ] [90m[1msavepack[22m | 保存文件：res://.godot/imported/battle-pond-v2.png-8f6dbab867ef7e34c212dd8c9c4d1677.ctex[39m[0m
[  41% ] [90m[1msavepack[22m | 保存文件：res://assets/scenery/battle-pond-v2.png.import[39m[0m
[  41% ] [90m[1msavepack[22m | 保存文件：res://.godot/imported/battle.png-60ad238fafca742744c05bd8d9bc10d0.ctex[39m[0m
[  41% ] [90m[1msavepack[22m | 保存文件：res://assets/scenery/battle.png.import[39m[0m
[  41% ] [90m[1msavepack[22m | 保存文件：res://.godot/imported/port-town-v2.png-37761ac4870b068b50be35bad7cced8c.ctex[39m[0m
[  41% ] [90m[1msavepack[22m | 保存文件：res://assets/scenery/port-town-v2.png.import[39m[0m
[  41% ] [90m[1msavepack[22m | 保存文件：res://.godot/imported/port.png-dcb6eb81e8d9484b888ee26c68d1965d.ctex[39m[0m
[  41% ] [90m[1msavepack[22m | 保存文件：res://assets/scenery/port.png.import[39m[0m
[  41% ] [90m[1msavepack[22m | 保存文件：res://.godot/imported/summon.png-56fdf52f6a61d1acbf6500cdfd708736.ctex[39m[0m
[  41% ] [90m[1msavepack[22m | 保存文件：res://assets/scenery/summon.png.import[39m[0m
[  41% ] [90m[1msavepack[22m | 保存文件：res://.godot/imported/table.png-cdb09b61e0864f3c52857d35f8fa1daf.ctex[39m[0m
[  41% ] [90m[1msavepack[22m | 保存文件：res://assets/scenery/table.png.import[39m[0m
[  41% ] [90m[1msavepack[22m | 保存文件：res://.godot/imported/buzhinhuo-awakened.svg-33c5e3c257956fb5c9b8924c24a14606.ctex[39m[0m
[  41% ] [90m[1msavepack[22m | 保存文件：res://assets/wave2/buzhinhuo-awakened.svg.import[39m[0m
[  42% ] [90m[1msavepack[22m | 保存文件：res://.godot/imported/buzhinhuo.svg-8ae67698c0daced7f5f17649d193180e.ctex[39m[0m
[  42% ] [90m[1msavepack[22m | 保存文件：res://assets/wave2/buzhinhuo.svg.import[39m[0m
[  42% ] [90m[1msavepack[22m | 保存文件：res://.godot/imported/lianyou-awakened.svg-8579b91bbbad9a56a10bb0f49c7a4475.ctex[39m[0m
[  42% ] [90m[1msavepack[22m | 保存文件：res://assets/wave2/lianyou-awakened.svg.import[39m[0m
[  42% ] [90m[1msavepack[22m | 保存文件：res://.godot/imported/lianyou.svg-385363fca5cb62f7860fbc354aa29278.ctex[39m[0m
[  42% ] [90m[1msavepack[22m | 保存文件：res://assets/wave2/lianyou.svg.import[39m[0m
[  42% ] [90m[1msavepack[22m | 保存文件：res://.godot/imported/lingyuyuqian-awakened.svg-175d9bced6364c87cee3400fe1086d49.ctex[39m[0m
[  42% ] [90m[1msavepack[22m | 保存文件：res://assets/wave2/lingyuyuqian-awakened.svg.import[39m[0m
[  42% ] [90m[1msavepack[22m | 保存文件：res://.godot/imported/lingyuyuqian.svg-4a3ea6e5752c9ef7ceb175a13c71d661.ctex[39m[0m
[  42% ] [90m[1msavepack[22m | 保存文件：res://assets/wave2/lingyuyuqian.svg.import[39m[0m
[  42% ] [90m[1msavepack[22m | 保存文件：res://.godot/imported/rihefang-awakened.svg-80570578a04675e2cb7aa6f8e08276aa.ctex[39m[0m
[  42% ] [90m[1msavepack[22m | 保存文件：res://assets/wave2/rihefang-awakened.svg.import[39m[0m
[  42% ] [90m[1msavepack[22m | 保存文件：res://.godot/imported/rihefang.svg-10b9c82a4c184fa2eee49c1f879e3a50.ctex[39m[0m
[  42% ] [90m[1msavepack[22m | 保存文件：res://assets/wave2/rihefang.svg.import[39m[0m
[  42% ] [90m[1msavepack[22m | 保存文件：res://.godot/imported/tiaotiaomeimei-awakened.svg-755cff23e5d281e5409ddfc850dc7f1c.ctex[39m[0m
[  42% ] [90m[1msavepack[22m | 保存文件：res://assets/wave2/tiaotiaomeimei-awakened.svg.import[39m[0m
[  43% ] [90m[1msavepack[22m | 保存文件：res://.godot/imported/tiaotiaomeimei.svg-59805ed8c592496786a30e68cc953bd1.ctex[39m[0m
[  43% ] [90m[1msavepack[22m | 保存文件：res://assets/wave2/tiaotiaomeimei.svg.import[39m[0m
[  43% ] [90m[1msavepack[22m | 保存文件：res://.godot/imported/xiaolunan-awakened.svg-c4ca523ab21d1d1984f2a47c6198e741.ctex[39m[0m
[  43% ] [90m[1msavepack[22m | 保存文件：res://assets/wave2/xiaolunan-awakened.svg.import[39m[0m
[  43% ] [90m[1msavepack[22m | 保存文件：res://.godot/imported/xiaolunan.svg-ddc2143c8398fb928f2553b78d8c8846.ctex[39m[0m
[  43% ] [90m[1msavepack[22m | 保存文件：res://assets/wave2/xiaolunan.svg.import[39m[0m
[  43% ] [90m[1msavepack[22m | 保存文件：res://.godot/imported/yanyanluo-awakened.svg-16805f71ef41384bcbb205b89a4b1fa6.ctex[39m[0m
[  43% ] [90m[1msavepack[22m | 保存文件：res://assets/wave2/yanyanluo-awakened.svg.import[39m[0m
[  43% ] [90m[1msavepack[22m | 保存文件：res://.godot/imported/yanyanluo.svg-76196781446876ee0ce30f14edf43e9a.ctex[39m[0m
[  43% ] [90m[1msavepack[22m | 保存文件：res://assets/wave2/yanyanluo.svg.import[39m[0m
[  43% ] [90m[1msavepack[22m | 保存文件：res://.godot/imported/yaohu-awakened.svg-45f7a3fb7182b4b18e8d6352ee4cf018.ctex[39m[0m
[  43% ] [90m[1msavepack[22m | 保存文件：res://assets/wave2/yaohu-awakened.svg.import[39m[0m
[  43% ] [90m[1msavepack[22m | 保存文件：res://.godot/imported/yaohu.svg-918403aa3f9d0e4872ec53dcbba41147.ctex[39m[0m
[  43% ] [90m[1msavepack[22m | 保存文件：res://assets/wave2/yaohu.svg.import[39m[0m
[  43% ] [90m[1msavepack[22m | 保存文件：res://.godot/imported/yatiangou-awakened.svg-d66666c2890febea97a8ecb6314cb436.ctex[39m[0m
[  43% ] [90m[1msavepack[22m | 保存文件：res://assets/wave2/yatiangou-awakened.svg.import[39m[0m
[  43% ] [90m[1msavepack[22m | 保存文件：res://.godot/imported/yatiangou.svg-b283342037ec324bf81c53b82bf1dcc0.ctex[39m[0m
[  43% ] [90m[1msavepack[22m | 保存文件：res://assets/wave2/yatiangou.svg.import[39m[0m
[  44% ] [90m[1msavepack[22m | 保存文件：res://.godot/imported/biyehua-awakened.svg-b05a5e22a62b209e4a1d8a52ca5708ce.ctex[39m[0m
[  44% ] [90m[1msavepack[22m | 保存文件：res://assets/wave3/biyehua-awakened.svg.import[39m[0m
[  44% ] [90m[1msavepack[22m | 保存文件：res://.godot/imported/biyehua.svg-b51cb7dd18d606d5cf2a2db3c9d45fed.ctex[39m[0m
[  44% ] [90m[1msavepack[22m | 保存文件：res://assets/wave3/biyehua.svg.import[39m[0m
[  44% ] [90m[1msavepack[22m | 保存文件：res://.godot/imported/dayueling-awakened.svg-395f63cbeccd6d3bea0ad2e14849f496.ctex[39m[0m
[  44% ] [90m[1msavepack[22m | 保存文件：res://assets/wave3/dayueling-awakened.svg.import[39m[0m
[  44% ] [90m[1msavepack[22m | 保存文件：res://.godot/imported/dayueling.svg-9e5233755fbcc3c480ed94136b343af2.ctex[39m[0m
[  44% ] [90m[1msavepack[22m | 保存文件：res://assets/wave3/dayueling.svg.import[39m[0m
[  44% ] [90m[1msavepack[22m | 保存文件：res://.godot/imported/guiqie-awakened.svg-7fb27256791fc400b0fdb3b5d980ffc6.ctex[39m[0m
[  44% ] [90m[1msavepack[22m | 保存文件：res://assets/wave3/guiqie-awakened.svg.import[39m[0m
[  44% ] [90m[1msavepack[22m | 保存文件：res://.godot/imported/guiqie.svg-76789bb9b0215129802e1971b2821b85.ctex[39m[0m
[  44% ] [90m[1msavepack[22m | 保存文件：res://assets/wave3/guiqie.svg.import[39m[0m
[  44% ] [90m[1msavepack[22m | 保存文件：res://.godot/imported/huang-awakened.svg-c4c527516558df82764446532c1f4dd4.ctex[39m[0m
[  44% ] [90m[1msavepack[22m | 保存文件：res://assets/wave3/huang-awakened.svg.import[39m[0m
[  44% ] [90m[1msavepack[22m | 保存文件：res://.godot/imported/huang.svg-aa321386b7f68420c51860adf024da16.ctex[39m[0m
[  44% ] [90m[1msavepack[22m | 保存文件：res://assets/wave3/huang.svg.import[39m[0m
[  45% ] [90m[1msavepack[22m | 保存文件：res://.godot/imported/huiyeji-awakened.svg-9a38290f040de6ea8538eb8af14dd872.ctex[39m[0m
[  45% ] [90m[1msavepack[22m | 保存文件：res://assets/wave3/huiyeji-awakened.svg.import[39m[0m
[  45% ] [90m[1msavepack[22m | 保存文件：res://.godot/imported/huiyeji.svg-4dc02cff556a6fdb84e18bfd4141ac21.ctex[39m[0m
[  45% ] [90m[1msavepack[22m | 保存文件：res://assets/wave3/huiyeji.svg.import[39m[0m
[  45% ] [90m[1msavepack[22m | 保存文件：res://.godot/imported/jiuciliang-awakened.svg-1a07093c2e1d4497b9991e75be355cbd.ctex[39m[0m
[  45% ] [90m[1msavepack[22m | 保存文件：res://assets/wave3/jiuciliang-awakened.svg.import[39m[0m
[  45% ] [90m[1msavepack[22m | 保存文件：res://.godot/imported/jiuciliang.svg-f5b521f14cee91ee6b4a056a6898af71.ctex[39m[0m
[  45% ] [90m[1msavepack[22m | 保存文件：res://assets/wave3/jiuciliang.svg.import[39m[0m
[  45% ] [90m[1msavepack[22m | 保存文件：res://.godot/imported/longyechaji-awakened.svg-19db9821dfb79edb0a19203cb18f6852.ctex[39m[0m
[  45% ] [90m[1msavepack[22m | 保存文件：res://assets/wave3/longyechaji-awakened.svg.import[39m[0m
[  45% ] [90m[1msavepack[22m | 保存文件：res://.godot/imported/longyechaji.svg-502bf95ffa694f13ba0ceb6827f95d40.ctex[39m[0m
[  45% ] [90m[1msavepack[22m | 保存文件：res://assets/wave3/longyechaji.svg.import[39m[0m
[  45% ] [90m[1msavepack[22m | 保存文件：res://.godot/imported/mengpo-awakened.svg-0ae6f0622599e028b7f3dfa632284205.ctex[39m[0m
[  45% ] [90m[1msavepack[22m | 保存文件：res://assets/wave3/mengpo-awakened.svg.import[39m[0m
[  45% ] [90m[1msavepack[22m | 保存文件：res://.godot/imported/mengpo.svg-6248f2a177e09866b894500230d549eb.ctex[39m[0m
[  45% ] [90m[1msavepack[22m | 保存文件：res://assets/wave3/mengpo.svg.import[39m[0m
[  46% ] [90m[1msavepack[22m | 保存文件：res://.godot/imported/renmianshu-awakened.svg-49aa4a152cb1f6f8f6379fc815a3e39b.ctex[39m[0m
[  46% ] [90m[1msavepack[22m | 保存文件：res://assets/wave3/renmianshu-awakened.svg.import[39m[0m
[  46% ] [90m[1msavepack[22m | 保存文件：res://.godot/imported/renmianshu.svg-33f6ac2bf2f2ad1d1e59e3ddfbd32f40.ctex[39m[0m
[  46% ] [90m[1msavepack[22m | 保存文件：res://assets/wave3/renmianshu.svg.import[39m[0m
[  46% ] [90m[1msavepack[22m | 保存文件：res://.godot/imported/sanmu-awakened.svg-2546641993e1ec5a40c172ec4fcc1422.ctex[39m[0m
[  46% ] [90m[1msavepack[22m | 保存文件：res://assets/wave3/sanmu-awakened.svg.import[39m[0m
[  46% ] [90m[1msavepack[22m | 保存文件：res://.godot/imported/sanmu.svg-4ed9a30832f89b164af9eb44cf0be4cd.ctex[39m[0m
[  46% ] [90m[1msavepack[22m | 保存文件：res://assets/wave3/sanmu.svg.import[39m[0m
[  46% ] [90m[1msavepack[22m | 保存文件：res://.godot/imported/shanfeng-awakened.svg-8209eb1d1883411a09d4cd148f6c4104.ctex[39m[0m
[  46% ] [90m[1msavepack[22m | 保存文件：res://assets/wave3/shanfeng-awakened.svg.import[39m[0m
[  46% ] [90m[1msavepack[22m | 保存文件：res://.godot/imported/shanfeng.svg-382e92d0ea7de78898277067bba2b8ca.ctex[39m[0m
[  46% ] [90m[1msavepack[22m | 保存文件：res://assets/wave3/shanfeng.svg.import[39m[0m
[  46% ] [90m[1msavepack[22m | 保存文件：res://.godot/imported/shimengmo-awakened.svg-ad107066730325b0e1fa38e20a1aeae6.ctex[39m[0m
[  46% ] [90m[1msavepack[22m | 保存文件：res://assets/wave3/shimengmo-awakened.svg.import[39m[0m
[  46% ] [90m[1msavepack[22m | 保存文件：res://.godot/imported/shimengmo.svg-525152718870159630d63bf1f382f104.ctex[39m[0m
[  46% ] [90m[1msavepack[22m | 保存文件：res://assets/wave3/shimengmo.svg.import[39m[0m
[  46% ] [90m[1msavepack[22m | 保存文件：res://.godot/imported/tianjingxia-awakened.svg-c54db679313159d0c44e536519cf4051.ctex[39m[0m
[  46% ] [90m[1msavepack[22m | 保存文件：res://assets/wave3/tianjingxia-awakened.svg.import[39m[0m
[  47% ] [90m[1msavepack[22m | 保存文件：res://.godot/imported/tianjingxia.svg-37bc5a6b1c286e6f58817b4ab3f02a1d.ctex[39m[0m
[  47% ] [90m[1msavepack[22m | 保存文件：res://assets/wave3/tianjingxia.svg.import[39m[0m
[  47% ] [90m[1msavepack[22m | 保存文件：res://.godot/imported/tiaotiaogege-awakened.svg-067ad320506a0d04b4b724c461004a01.ctex[39m[0m
[  47% ] [90m[1msavepack[22m | 保存文件：res://assets/wave3/tiaotiaogege-awakened.svg.import[39m[0m
[  47% ] [90m[1msavepack[22m | 保存文件：res://.godot/imported/tiaotiaogege.svg-c05009d86696d73ac5a571071499b67e.ctex[39m[0m
[  47% ] [90m[1msavepack[22m | 保存文件：res://assets/wave3/tiaotiaogege.svg.import[39m[0m
[  47% ] [90m[1msavepack[22m | 保存文件：res://.godot/imported/wuguishi-awakened.svg-8d172ae5d131977a160a6938808c9de5.ctex[39m[0m
[  47% ] [90m[1msavepack[22m | 保存文件：res://assets/wave3/wuguishi-awakened.svg.import[39m[0m
[  47% ] [90m[1msavepack[22m | 保存文件：res://.godot/imported/wuguishi.svg-29c9decd05dff6952937a6bacfc0da5d.ctex[39m[0m
[  47% ] [90m[1msavepack[22m | 保存文件：res://assets/wave3/wuguishi.svg.import[39m[0m
[  47% ] [90m[1msavepack[22m | 保存文件：res://.godot/imported/xixueji-awakened.svg-8a72282b94b0e7c18cf0af9660b1551e.ctex[39m[0m
[  47% ] [90m[1msavepack[22m | 保存文件：res://assets/wave3/xixueji-awakened.svg.import[39m[0m
[  47% ] [90m[1msavepack[22m | 保存文件：res://.godot/imported/xixueji.svg-2a0be9717b65ad5cc8e3dadcb864736c.ctex[39m[0m
[  47% ] [90m[1msavepack[22m | 保存文件：res://assets/wave3/xixueji.svg.import[39m[0m
[  47% ] [90m[1msavepack[22m | 保存文件：res://.godot/imported/xun-awakened.svg-c0e023fb45b9a1556b232e84c7bf0b59.ctex[39m[0m
[  47% ] [90m[1msavepack[22m | 保存文件：res://assets/wave3/xun-awakened.svg.import[39m[0m
[  48% ] [90m[1msavepack[22m | 保存文件：res://.godot/imported/xun.svg-e22e4208158823f5427618936edfd47b.ctex[39m[0m
[  48% ] [90m[1msavepack[22m | 保存文件：res://assets/wave3/xun.svg.import[39m[0m
[  48% ] [90m[1msavepack[22m | 保存文件：res://.godot/imported/yinghuayao-awakened.svg-0b057481e19fd4ded5f545b067395b99.ctex[39m[0m
[  48% ] [90m[1msavepack[22m | 保存文件：res://assets/wave3/yinghuayao-awakened.svg.import[39m[0m
[  48% ] [90m[1msavepack[22m | 保存文件：res://.godot/imported/yinghuayao.svg-69c118cb9edd3fd2003c5d8cd68d26a3.ctex[39m[0m
[  48% ] [90m[1msavepack[22m | 保存文件：res://assets/wave3/yinghuayao.svg.import[39m[0m
[  48% ] [90m[1msavepack[22m | 保存文件：res://.godot/imported/yujiazhu-awakened.svg-f67920567513d1a74a1a5c47edd414a4.ctex[39m[0m
[  48% ] [90m[1msavepack[22m | 保存文件：res://assets/wave3/yujiazhu-awakened.svg.import[39m[0m
[  48% ] [90m[1msavepack[22m | 保存文件：res://.godot/imported/yujiazhu.svg-1d4082c1f526fdc59d95ecfbdacbe183.ctex[39m[0m
[  48% ] [90m[1msavepack[22m | 保存文件：res://assets/wave3/yujiazhu.svg.import[39m[0m
[  48% ] [90m[1msavepack[22m | 保存文件：res://.godot/imported/axiuluo-awakened.svg-36cef967c957c617191bfbbf921582d6.ctex[39m[0m
[  48% ] [90m[1msavepack[22m | 保存文件：res://assets/wave4/axiuluo-awakened.svg.import[39m[0m
[  48% ] [90m[1msavepack[22m | 保存文件：res://.godot/imported/axiuluo.svg-2fe8b167ab16d5b03b2b98cfff3a013c.ctex[39m[0m
[  48% ] [90m[1msavepack[22m | 保存文件：res://assets/wave4/axiuluo.svg.import[39m[0m
[  48% ] [90m[1msavepack[22m | 保存文件：res://.godot/imported/baimugui-awakened.svg-38f9abc581831ac20e6c9d3b4013fdfc.ctex[39m[0m
[  48% ] [90m[1msavepack[22m | 保存文件：res://assets/wave4/baimugui-awakened.svg.import[39m[0m
[  48% ] [90m[1msavepack[22m | 保存文件：res://.godot/imported/baimugui.svg-b552472c1a5ddd6f4c62e4411cad8fba.ctex[39m[0m
[  48% ] [90m[1msavepack[22m | 保存文件：res://assets/wave4/baimugui.svg.import[39m[0m
[  49% ] [90m[1msavepack[22m | 保存文件：res://.godot/imported/banruo-awakened.svg-f68801a3931c55ab9308019049bf8ada.ctex[39m[0m
[  49% ] [90m[1msavepack[22m | 保存文件：res://assets/wave4/banruo-awakened.svg.import[39m[0m
[  49% ] [90m[1msavepack[22m | 保存文件：res://.godot/imported/banruo.svg-c485c0ad65f6e2bae67819df599c1d16.ctex[39m[0m
[  49% ] [90m[1msavepack[22m | 保存文件：res://assets/wave4/banruo.svg.import[39m[0m
[  49% ] [90m[1msavepack[22m | 保存文件：res://.godot/imported/bayiqidashe-awakened.svg-b8e46966a4d5ddf5147c64b911a56dfc.ctex[39m[0m
[  49% ] [90m[1msavepack[22m | 保存文件：res://assets/wave4/bayiqidashe-awakened.svg.import[39m[0m
[  49% ] [90m[1msavepack[22m | 保存文件：res://.godot/imported/bayiqidashe.svg-ba75004272f008488cb0117044ac3e66.ctex[39m[0m
[  49% ] [90m[1msavepack[22m | 保存文件：res://assets/wave4/bayiqidashe.svg.import[39m[0m
[  49% ] [90m[1msavepack[22m | 保存文件：res://.godot/imported/dishitian-awakened.svg-b7bfa948a1f74605d0a4f3e417c874f2.ctex[39m[0m
[  49% ] [90m[1msavepack[22m | 保存文件：res://assets/wave4/dishitian-awakened.svg.import[39m[0m
[  49% ] [90m[1msavepack[22m | 保存文件：res://.godot/imported/dishitian.svg-290ad66ddff390ab2b7ed03aed5e5885.ctex[39m[0m
[  49% ] [90m[1msavepack[22m | 保存文件：res://assets/wave4/dishitian.svg.import[39m[0m
[  49% ] [90m[1msavepack[22m | 保存文件：res://.godot/imported/duyanxiaoseng-awakened.svg-5f9d29a92df41a3ae98aee0aca90cdcf.ctex[39m[0m
[  49% ] [90m[1msavepack[22m | 保存文件：res://assets/wave4/duyanxiaoseng-awakened.svg.import[39m[0m
[  49% ] [90m[1msavepack[22m | 保存文件：res://.godot/imported/duyanxiaoseng.svg-2225932dbf144fe54333d38a7afb9f41.ctex[39m[0m
[  49% ] [90m[1msavepack[22m | 保存文件：res://assets/wave4/duyanxiaoseng.svg.import[39m[0m
[  50% ] [90m[1msavepack[22m | 保存文件：res://.godot/imported/egui-awakened.svg-8cd000a77412b6b4bfa6f800ac0d1b6d.ctex[39m[0m
[  50% ] [90m[1msavepack[22m | 保存文件：res://assets/wave4/egui-awakened.svg.import[39m[0m
[  50% ] [90m[1msavepack[22m | 保存文件：res://.godot/imported/egui.svg-0bf435b2b678c7b402789d8e4b07bb3d.ctex[39m[0m
[  50% ] [90m[1msavepack[22m | 保存文件：res://assets/wave4/egui.svg.import[39m[0m
[  50% ] [90m[1msavepack[22m | 保存文件：res://.godot/imported/gitongwan-awakened.svg-723a232d25ccaf9f69a90fa5a399743f.ctex[39m[0m
[  50% ] [90m[1msavepack[22m | 保存文件：res://assets/wave4/gitongwan-awakened.svg.import[39m[0m
[  50% ] [90m[1msavepack[22m | 保存文件：res://.godot/imported/gitongwan.svg-769bedd5447c6fdb04ceb16f2e9d418e.ctex[39m[0m
[  50% ] [90m[1msavepack[22m | 保存文件：res://assets/wave4/gitongwan.svg.import[39m[0m
[  50% ] [90m[1msavepack[22m | 保存文件：res://.godot/imported/gouchang-awakened.svg-2444b624fb220fa37af684a348434576.ctex[39m[0m
[  50% ] [90m[1msavepack[22m | 保存文件：res://assets/wave4/gouchang-awakened.svg.import[39m[0m
[  50% ] [90m[1msavepack[22m | 保存文件：res://.godot/imported/gouchang.svg-df5090e5f7ca11b986d55f2c2a5dee91.ctex[39m[0m
[  50% ] [90m[1msavepack[22m | 保存文件：res://assets/wave4/gouchang.svg.import[39m[0m
[  50% ] [90m[1msavepack[22m | 保存文件：res://.godot/imported/guishiheibai-awakened.svg-0ed93c6b09605cf4ef6e8f3f9aa8abec.ctex[39m[0m
[  50% ] [90m[1msavepack[22m | 保存文件：res://assets/wave4/guishiheibai-awakened.svg.import[39m[0m
[  50% ] [90m[1msavepack[22m | 保存文件：res://.godot/imported/guishiheibai.svg-d4ab3fdd7f627382ec1942d8058654a7.ctex[39m[0m
[  50% ] [90m[1msavepack[22m | 保存文件：res://assets/wave4/guishiheibai.svg.import[39m[0m
[  51% ] [90m[1msavepack[22m | 保存文件：res://.godot/imported/hetong-awakened.svg-0ba356e154284306fe3c7479eba6672b.ctex[39m[0m
[  51% ] [90m[1msavepack[22m | 保存文件：res://assets/wave4/hetong-awakened.svg.import[39m[0m
[  51% ] [90m[1msavepack[22m | 保存文件：res://.godot/imported/hetong.svg-3b0500f37058d45fd9f0f5568e74d054.ctex[39m[0m
[  51% ] [90m[1msavepack[22m | 保存文件：res://assets/wave4/hetong.svg.import[39m[0m
[  51% ] [90m[1msavepack[22m | 保存文件：res://.godot/imported/huangkulou-awakened.svg-c1a2c80730a2faf344915ec5c527292c.ctex[39m[0m
[  51% ] [90m[1msavepack[22m | 保存文件：res://assets/wave4/huangkulou-awakened.svg.import[39m[0m
[  51% ] [90m[1msavepack[22m | 保存文件：res://.godot/imported/huangkulou.svg-4d871341a8c10f6b3863af5ffbdec373.ctex[39m[0m
[  51% ] [90m[1msavepack[22m | 保存文件：res://assets/wave4/huangkulou.svg.import[39m[0m
[  51% ] [90m[1msavepack[22m | 保存文件：res://.godot/imported/huibishou-awakened.svg-3e42381e22eca7861f6f52cf6ef825e8.ctex[39m[0m
[  51% ] [90m[1msavepack[22m | 保存文件：res://assets/wave4/huibishou-awakened.svg.import[39m[0m
[  51% ] [90m[1msavepack[22m | 保存文件：res://.godot/imported/huibishou.svg-e0ee895fb26ab1d5e16ef2a3446829fe.ctex[39m[0m
[  51% ] [90m[1msavepack[22m | 保存文件：res://assets/wave4/huibishou.svg.import[39m[0m
[  51% ] [90m[1msavepack[22m | 保存文件：res://.godot/imported/huoqumo-awakened.svg-571500eb67cbc3e3a8b3f0a2f2923642.ctex[39m[0m
[  51% ] [90m[1msavepack[22m | 保存文件：res://assets/wave4/huoqumo-awakened.svg.import[39m[0m
[  51% ] [90m[1msavepack[22m | 保存文件：res://.godot/imported/huoqumo.svg-9b2d6b188d709cc8bee409221a0cef4b.ctex[39m[0m
[  51% ] [90m[1msavepack[22m | 保存文件：res://assets/wave4/huoqumo.svg.import[39m[0m
[  51% ] [90m[1msavepack[22m | 保存文件：res://.godot/imported/jieshen-awakened.svg-c1c2eafc235d2d36fbf71408384235a6.ctex[39m[0m
[  51% ] [90m[1msavepack[22m | 保存文件：res://assets/wave4/jieshen-awakened.svg.import[39m[0m
[  52% ] [90m[1msavepack[22m | 保存文件：res://.godot/imported/jieshen.svg-4089312d9eeedf51decc8649ae26eaf8.ctex[39m[0m
[  52% ] [90m[1msavepack[22m | 保存文件：res://assets/wave4/jieshen.svg.import[39m[0m
[  52% ] [90m[1msavepack[22m | 保存文件：res://.godot/imported/jingliuliqian-awakened.svg-10c56ee94951b68fb6afefcb723e7981.ctex[39m[0m
[  52% ] [90m[1msavepack[22m | 保存文件：res://assets/wave4/jingliuliqian-awakened.svg.import[39m[0m
[  52% ] [90m[1msavepack[22m | 保存文件：res://.godot/imported/jingliuliqian.svg-9a94eac43d1382086a85a03c5ae7df7e.ctex[39m[0m
[  52% ] [90m[1msavepack[22m | 保存文件：res://assets/wave4/jingliuliqian.svg.import[39m[0m
[  52% ] [90m[1msavepack[22m | 保存文件：res://.godot/imported/jinyuji-awakened.svg-6cc5ddac64a1e1744f6a469e509b6005.ctex[39m[0m
[  52% ] [90m[1msavepack[22m | 保存文件：res://assets/wave4/jinyuji-awakened.svg.import[39m[0m
[  52% ] [90m[1msavepack[22m | 保存文件：res://.godot/imported/jinyuji.svg-052aa000aed6f85a993275538e03e179.ctex[39m[0m
[  52% ] [90m[1msavepack[22m | 保存文件：res://assets/wave4/jinyuji.svg.import[39m[0m
[  52% ] [90m[1msavepack[22m | 保存文件：res://.godot/imported/jiumingmao-awakened.svg-aecf7098cf5eeb3513d1b5b826e38c83.ctex[39m[0m
[  52% ] [90m[1msavepack[22m | 保存文件：res://assets/wave4/jiumingmao-awakened.svg.import[39m[0m
[  52% ] [90m[1msavepack[22m | 保存文件：res://.godot/imported/jiumingmao.svg-ee7699469c2ff4e1b4e5df49d4978ed8.ctex[39m[0m
[  52% ] [90m[1msavepack[22m | 保存文件：res://assets/wave4/jiumingmao.svg.import[39m[0m
[  52% ] [90m[1msavepack[22m | 保存文件：res://.godot/imported/mianqiling-awakened.svg-610913c19c2625694d2e35509242d396.ctex[39m[0m
[  52% ] [90m[1msavepack[22m | 保存文件：res://assets/wave4/mianqiling-awakened.svg.import[39m[0m
[  53% ] [90m[1msavepack[22m | 保存文件：res://.godot/imported/mianqiling.svg-72d4b60947945df892eb66a5b2c43dd9.ctex[39m[0m
[  53% ] [90m[1msavepack[22m | 保存文件：res://assets/wave4/mianqiling.svg.import[39m[0m
[  53% ] [90m[1msavepack[22m | 保存文件：res://.godot/imported/tieshu-awakened.svg-19e7f0505197cf505d869b6c7913d82c.ctex[39m[0m
[  53% ] [90m[1msavepack[22m | 保存文件：res://assets/wave4/tieshu-awakened.svg.import[39m[0m
[  53% ] [90m[1msavepack[22m | 保存文件：res://.godot/imported/tieshu.svg-24e83d708ad5eb45b3c7082345e667b2.ctex[39m[0m
[  53% ] [90m[1msavepack[22m | 保存文件：res://assets/wave4/tieshu.svg.import[39m[0m
[  53% ] [90m[1msavepack[22m | 保存文件：res://.godot/imported/wushizhiling-awakened.svg-ec089460144c12e7523a170305ded662.ctex[39m[0m
[  53% ] [90m[1msavepack[22m | 保存文件：res://assets/wave4/wushizhiling-awakened.svg.import[39m[0m
[  53% ] [90m[1msavepack[22m | 保存文件：res://.godot/imported/wushizhiling.svg-2d1df013f0a07e5b71e04e2b936f447c.ctex[39m[0m
[  53% ] [90m[1msavepack[22m | 保存文件：res://assets/wave4/wushizhiling.svg.import[39m[0m
[  53% ] [90m[1msavepack[22m | 保存文件：res://.godot/imported/xieji-awakened.svg-ee74093ad861e06fc275c031f1b88fab.ctex[39m[0m
[  53% ] [90m[1msavepack[22m | 保存文件：res://assets/wave4/xieji-awakened.svg.import[39m[0m
[  53% ] [90m[1msavepack[22m | 保存文件：res://.godot/imported/xieji.svg-5ca6f4a07cad6543c1a3037135cfdb07.ctex[39m[0m
[  53% ] [90m[1msavepack[22m | 保存文件：res://assets/wave4/xieji.svg.import[39m[0m
[  53% ] [90m[1msavepack[22m | 保存文件：res://.godot/imported/yingxueji-awakened.svg-04d393112d481c495cc0a1ead96c46e5.ctex[39m[0m
[  53% ] [90m[1msavepack[22m | 保存文件：res://assets/wave4/yingxueji-awakened.svg.import[39m[0m
[  53% ] [90m[1msavepack[22m | 保存文件：res://.godot/imported/yingxueji.svg-4ef8cf54ddc7f09c2f1261abba287544.ctex[39m[0m
[  53% ] [90m[1msavepack[22m | 保存文件：res://assets/wave4/yingxueji.svg.import[39m[0m
[  54% ] [90m[1msavepack[22m | 保存文件：res://.godot/imported/yuanjiulanghu-awakened.svg-b96ee6ae46eabddd6b345c221fe04baf.ctex[39m[0m
[  54% ] [90m[1msavepack[22m | 保存文件：res://assets/wave4/yuanjiulanghu-awakened.svg.import[39m[0m
[  54% ] [90m[1msavepack[22m | 保存文件：res://.godot/imported/yuanjiulanghu.svg-90affa8648f47cb9a867a51d09c631c3.ctex[39m[0m
[  54% ] [90m[1msavepack[22m | 保存文件：res://assets/wave4/yuanjiulanghu.svg.import[39m[0m
[  54% ] [90m[1msavepack[22m | 保存文件：res://.godot/imported/yuzaoqian-awakened.svg-8ac0118190bddf21e8a8527f9295608d.ctex[39m[0m
[  54% ] [90m[1msavepack[22m | 保存文件：res://assets/wave4/yuzaoqian-awakened.svg.import[39m[0m
[  54% ] [90m[1msavepack[22m | 保存文件：res://.godot/imported/yuzaoqian.svg-0cf18c8763515c989edfc7951939c99b.ctex[39m[0m
[  54% ] [90m[1msavepack[22m | 保存文件：res://assets/wave4/yuzaoqian.svg.import[39m[0m
[  54% ] [90m[1msavepack[22m | 保存文件：res://.godot/imported/zhuiyueshen-awakened.svg-2dd3f2769dbc4a63e937d576898bf113.ctex[39m[0m
[  54% ] [90m[1msavepack[22m | 保存文件：res://assets/wave4/zhuiyueshen-awakened.svg.import[39m[0m
[  54% ] [90m[1msavepack[22m | 保存文件：res://.godot/imported/zhuiyueshen.svg-400912ff320bdbacac22ee30f93d661c.ctex[39m[0m
[  54% ] [90m[1msavepack[22m | 保存文件：res://assets/wave4/zhuiyueshen.svg.import[39m[0m
[  54% ] [90m[1msavepack[22m | 保存文件：res://.godot/imported/baitongzi-awakened.svg-aadd80fa10f488d99a4394fa9d11c094.ctex[39m[0m
[  54% ] [90m[1msavepack[22m | 保存文件：res://assets/wave5/baitongzi-awakened.svg.import[39m[0m
[  54% ] [90m[1msavepack[22m | 保存文件：res://.godot/imported/baitongzi.svg-3785c0ead50d1fbc50d58592b1b17b1b.ctex[39m[0m
[  54% ] [90m[1msavepack[22m | 保存文件：res://assets/wave5/baitongzi.svg.import[39m[0m
[  55% ] [90m[1msavepack[22m | 保存文件：res://.godot/imported/baizangzhu-awakened.svg-896511d86be0d50e96824bc362c7a794.ctex[39m[0m
[  55% ] [90m[1msavepack[22m | 保存文件：res://assets/wave5/baizangzhu-awakened.svg.import[39m[0m
[  55% ] [90m[1msavepack[22m | 保存文件：res://.godot/imported/baizangzhu.svg-82167a37fa5fc724824626c25095fb31.ctex[39m[0m
[  55% ] [90m[1msavepack[22m | 保存文件：res://assets/wave5/baizangzhu.svg.import[39m[0m
[  55% ] [90m[1msavepack[22m | 保存文件：res://.godot/imported/fengli-awakened.svg-368bff9099a34177a76ac603b88fc8fc.ctex[39m[0m
[  55% ] [90m[1msavepack[22m | 保存文件：res://assets/wave5/fengli-awakened.svg.import[39m[0m
[  55% ] [90m[1msavepack[22m | 保存文件：res://.godot/imported/fengli.svg-dfec54f53bd2e8cc4be7ca8714f9c1f7.ctex[39m[0m
[  55% ] [90m[1msavepack[22m | 保存文件：res://assets/wave5/fengli.svg.import[39m[0m
[  55% ] [90m[1msavepack[22m | 保存文件：res://.godot/imported/guanhu-awakened.svg-46d84115214841c8c9011112e2998bf1.ctex[39m[0m
[  55% ] [90m[1msavepack[22m | 保存文件：res://assets/wave5/guanhu-awakened.svg.import[39m[0m
[  55% ] [90m[1msavepack[22m | 保存文件：res://.godot/imported/guanhu.svg-9c835be1c2c8cce3dd8f63d2ba4f0d60.ctex[39m[0m
[  55% ] [90m[1msavepack[22m | 保存文件：res://assets/wave5/guanhu.svg.import[39m[0m
[  55% ] [90m[1msavepack[22m | 保存文件：res://.godot/imported/heitongzi-awakened.svg-6e6e478b9aa79c4fdfecca447d81a08b.ctex[39m[0m
[  55% ] [90m[1msavepack[22m | 保存文件：res://assets/wave5/heitongzi-awakened.svg.import[39m[0m
[  55% ] [90m[1msavepack[22m | 保存文件：res://.godot/imported/heitongzi.svg-0100375ecf95a301d1bffefa0197ae04.ctex[39m[0m
[  55% ] [90m[1msavepack[22m | 保存文件：res://assets/wave5/heitongzi.svg.import[39m[0m
[  56% ] [90m[1msavepack[22m | 保存文件：res://.godot/imported/huaniajuan-awakened.svg-fb5516f441c7e8ed58062d3d0aa4ec30.ctex[39m[0m
[  56% ] [90m[1msavepack[22m | 保存文件：res://assets/wave5/huaniajuan-awakened.svg.import[39m[0m
[  56% ] [90m[1msavepack[22m | 保存文件：res://.godot/imported/huaniajuan.svg-e797c64372f565702d6b42a53dcc3640.ctex[39m[0m
[  56% ] [90m[1msavepack[22m | 保存文件：res://assets/wave5/huaniajuan.svg.import[39m[0m
[  56% ] [90m[1msavepack[22m | 保存文件：res://.godot/imported/kuileishi-awakened.svg-f843f926664fc6dd2ea73f79333ed771.ctex[39m[0m
[  56% ] [90m[1msavepack[22m | 保存文件：res://assets/wave5/kuileishi-awakened.svg.import[39m[0m
[  56% ] [90m[1msavepack[22m | 保存文件：res://.godot/imported/kuileishi.svg-d7ec9add9b0d43997dae12a7d4997ef9.ctex[39m[0m
[  56% ] [90m[1msavepack[22m | 保存文件：res://assets/wave5/kuileishi.svg.import[39m[0m
[  56% ] [90m[1msavepack[22m | 保存文件：res://.godot/imported/liangmianfo-awakened.svg-f61370fab67fa276acd7a2a6f9682c7b.ctex[39m[0m
[  56% ] [90m[1msavepack[22m | 保存文件：res://assets/wave5/liangmianfo-awakened.svg.import[39m[0m
[  56% ] [90m[1msavepack[22m | 保存文件：res://.godot/imported/liangmianfo.svg-ff5ee75f1a4f1326540e58bdf3aafc1e.ctex[39m[0m
[  56% ] [90m[1msavepack[22m | 保存文件：res://assets/wave5/liangmianfo.svg.import[39m[0m
[  56% ] [90m[1msavepack[22m | 保存文件：res://.godot/imported/limao-awakened.svg-26aca9a5f6f5864db52bc000be8ed950.ctex[39m[0m
[  56% ] [90m[1msavepack[22m | 保存文件：res://assets/wave5/limao-awakened.svg.import[39m[0m
[  56% ] [90m[1msavepack[22m | 保存文件：res://.godot/imported/limao.svg-939abb4b61f768a09b9824b1977e5d02.ctex[39m[0m
[  56% ] [90m[1msavepack[22m | 保存文件：res://assets/wave5/limao.svg.import[39m[0m
[  56% ] [90m[1msavepack[22m | 保存文件：res://.godot/imported/maozhanggui-awakened.svg-0c4d7be878b4ad757723a53683948ad2.ctex[39m[0m
[  56% ] [90m[1msavepack[22m | 保存文件：res://assets/wave5/maozhanggui-awakened.svg.import[39m[0m
[  57% ] [90m[1msavepack[22m | 保存文件：res://.godot/imported/maozhanggui.svg-98dd4cdca5e777c0602cef538897fa5b.ctex[39m[0m
[  57% ] [90m[1msavepack[22m | 保存文件：res://assets/wave5/maozhanggui.svg.import[39m[0m
[  57% ] [90m[1msavepack[22m | 保存文件：res://.godot/imported/qianji-awakened.svg-4961fc20948cdd45aa21208695dfe241.ctex[39m[0m
[  57% ] [90m[1msavepack[22m | 保存文件：res://assets/wave5/qianji-awakened.svg.import[39m[0m
[  57% ] [90m[1msavepack[22m | 保存文件：res://.godot/imported/qianji.svg-f6309ca47a5afd983b84f39fe209a91d.ctex[39m[0m
[  57% ] [90m[1msavepack[22m | 保存文件：res://assets/wave5/qianji.svg.import[39m[0m
[  57% ] [90m[1msavepack[22m | 保存文件：res://.godot/imported/rulianshi-awakened.svg-6dae5a2d7744ad03347d290e1d05fa92.ctex[39m[0m
[  57% ] [90m[1msavepack[22m | 保存文件：res://assets/wave5/rulianshi-awakened.svg.import[39m[0m
[  57% ] [90m[1msavepack[22m | 保存文件：res://.godot/imported/rulianshi.svg-3b308ca8d60b1a8d00e0eb9ad0fc12b0.ctex[39m[0m
[  57% ] [90m[1msavepack[22m | 保存文件：res://assets/wave5/rulianshi.svg.import[39m[0m
[  57% ] [90m[1msavepack[22m | 保存文件：res://.godot/imported/shiling-awakened.svg-cdbc9da0fe4a528af4edde36adf1861a.ctex[39m[0m
[  57% ] [90m[1msavepack[22m | 保存文件：res://assets/wave5/shiling-awakened.svg.import[39m[0m
[  57% ] [90m[1msavepack[22m | 保存文件：res://.godot/imported/shiling.svg-a23ea7d2812532b751aa52013daf190e.ctex[39m[0m
[  57% ] [90m[1msavepack[22m | 保存文件：res://assets/wave5/shiling.svg.import[39m[0m
[  57% ] [90m[1msavepack[22m | 保存文件：res://.godot/imported/song-awakened.svg-b65b448d00c7b6aa397bad14b8c338ee.ctex[39m[0m
[  57% ] [90m[1msavepack[22m | 保存文件：res://assets/wave5/song-awakened.svg.import[39m[0m
[  58% ] [90m[1msavepack[22m | 保存文件：res://.godot/imported/song.svg-ad456cc1ed06380592e68f9a750f3691.ctex[39m[0m
[  58% ] [90m[1msavepack[22m | 保存文件：res://assets/wave5/song.svg.import[39m[0m
[  58% ] [90m[1msavepack[22m | 保存文件：res://.godot/imported/tengji-awakened.svg-1864ae9b270979a0cf7dc2d16b44b6b1.ctex[39m[0m
[  58% ] [90m[1msavepack[22m | 保存文件：res://assets/wave5/tengji-awakened.svg.import[39m[0m
[  58% ] [90m[1msavepack[22m | 保存文件：res://.godot/imported/tengji.svg-8c98a685ea7ed10eb5a16514655b23d5.ctex[39m[0m
[  58% ] [90m[1msavepack[22m | 保存文件：res://assets/wave5/tengji.svg.import[39m[0m
[  58% ] [90m[1msavepack[22m | 保存文件：res://.godot/imported/tuwan-awakened.svg-8e13bf0b93022e53bda5dd3c20535f36.ctex[39m[0m
[  58% ] [90m[1msavepack[22m | 保存文件：res://assets/wave5/tuwan-awakened.svg.import[39m[0m
[  58% ] [90m[1msavepack[22m | 保存文件：res://.godot/imported/tuwan.svg-9f268c94e4e3095b8e48748151b76ac5.ctex[39m[0m
[  58% ] [90m[1msavepack[22m | 保存文件：res://assets/wave5/tuwan.svg.import[39m[0m
[  58% ] [90m[1msavepack[22m | 保存文件：res://.godot/imported/wuwu-awakened.svg-a28acfa580b6a13bef7d776224d541a5.ctex[39m[0m
[  58% ] [90m[1msavepack[22m | 保存文件：res://assets/wave5/wuwu-awakened.svg.import[39m[0m
[  58% ] [90m[1msavepack[22m | 保存文件：res://.godot/imported/wuwu.svg-7e46b99f3013ade32596526ebe3fa0d3.ctex[39m[0m
[  58% ] [90m[1msavepack[22m | 保存文件：res://assets/wave5/wuwu.svg.import[39m[0m
[  58% ] [90m[1msavepack[22m | 保存文件：res://.godot/imported/xiaosongwan-awakened.svg-46f82225c51afa7045c5db56f0b0b9a5.ctex[39m[0m
[  58% ] [90m[1msavepack[22m | 保存文件：res://assets/wave5/xiaosongwan-awakened.svg.import[39m[0m
[  58% ] [90m[1msavepack[22m | 保存文件：res://.godot/imported/xiaosongwan.svg-336f304e9a6bc1b1d915d7a51667b10a.ctex[39m[0m
[  58% ] [90m[1msavepack[22m | 保存文件：res://assets/wave5/xiaosongwan.svg.import[39m[0m
[  59% ] [90m[1msavepack[22m | 保存文件：res://.godot/imported/xiazhongshaonv-awakened.svg-f9117b7a9f0564641866c22a1110e45e.ctex[39m[0m
[  59% ] [90m[1msavepack[22m | 保存文件：res://assets/wave5/xiazhongshaonv-awakened.svg.import[39m[0m
[  59% ] [90m[1msavepack[22m | 保存文件：res://.godot/imported/xiazhongshaonv.svg-af9889e932127540a4d4ecabf3e4ea6c.ctex[39m[0m
[  59% ] [90m[1msavepack[22m | 保存文件：res://assets/wave5/xiazhongshaonv.svg.import[39m[0m
[  59% ] [90m[1msavepack[22m | 保存文件：res://.godot/imported/xingxiongtongzi-awakened.svg-2caf6f107bfb595d9585236a30ab9ca2.ctex[39m[0m
[  59% ] [90m[1msavepack[22m | 保存文件：res://assets/wave5/xingxiongtongzi-awakened.svg.import[39m[0m
[  59% ] [90m[1msavepack[22m | 保存文件：res://.godot/imported/xingxiongtongzi.svg-9a61ee0839197095290d0ac5504915ac.ctex[39m[0m
[  59% ] [90m[1msavepack[22m | 保存文件：res://assets/wave5/xingxiongtongzi.svg.import[39m[0m
[  59% ] [90m[1msavepack[22m | 保存文件：res://.godot/imported/yanmo-awakened.svg-0571afc5f767a7a690b82d657d10f8af.ctex[39m[0m
[  59% ] [90m[1msavepack[22m | 保存文件：res://assets/wave5/yanmo-awakened.svg.import[39m[0m
[  59% ] [90m[1msavepack[22m | 保存文件：res://.godot/imported/yanmo.svg-c9f529f347b2b7351a45c20cc931097c.ctex[39m[0m
[  59% ] [90m[1msavepack[22m | 保存文件：res://assets/wave5/yanmo.svg.import[39m[0m
[  59% ] [90m[1msavepack[22m | 保存文件：res://.godot/imported/yi-awakened.svg-beea0464ee47413582dafeabededb467.ctex[39m[0m
[  59% ] [90m[1msavepack[22m | 保存文件：res://assets/wave5/yi-awakened.svg.import[39m[0m
[  59% ] [90m[1msavepack[22m | 保存文件：res://.godot/imported/yi.svg-911e47d1192e0376d7326293df667f64.ctex[39m[0m
[  59% ] [90m[1msavepack[22m | 保存文件：res://assets/wave5/yi.svg.import[39m[0m
[  60% ] [90m[1msavepack[22m | 保存文件：res://.godot/imported/yixigong-awakened.svg-495ac204a726f3b7d4948405b804123d.ctex[39m[0m
[  60% ] [90m[1msavepack[22m | 保存文件：res://assets/wave5/yixigong-awakened.svg.import[39m[0m
[  60% ] [90m[1msavepack[22m | 保存文件：res://.godot/imported/yixigong.svg-c0d0f2296505f875be9b7c4c591b2f04.ctex[39m[0m
[  60% ] [90m[1msavepack[22m | 保存文件：res://assets/wave5/yixigong.svg.import[39m[0m
[  60% ] [90m[1msavepack[22m | 保存文件：res://.godot/imported/yunwaijing-awakened.svg-e36deb1263dd52daaffccc708e24fe86.ctex[39m[0m
[  60% ] [90m[1msavepack[22m | 保存文件：res://assets/wave5/yunwaijing-awakened.svg.import[39m[0m
[  60% ] [90m[1msavepack[22m | 保存文件：res://.godot/imported/yunwaijing.svg-3b78c88b097a3dfd41fcd31af8e3ae08.ctex[39m[0m
[  60% ] [90m[1msavepack[22m | 保存文件：res://assets/wave5/yunwaijing.svg.import[39m[0m
[  60% ] [90m[1msavepack[22m | 保存文件：res://.godot/imported/baize-awakened.svg-29c159eb30c95104f6e3f4b902731c7b.ctex[39m[0m
[  60% ] [90m[1msavepack[22m | 保存文件：res://assets/wave6/baize-awakened.svg.import[39m[0m
[  60% ] [90m[1msavepack[22m | 保存文件：res://.godot/imported/baize.svg-4b0e3607d1138563c3afbc68dd698073.ctex[39m[0m
[  60% ] [90m[1msavepack[22m | 保存文件：res://assets/wave6/baize.svg.import[39m[0m
[  60% ] [90m[1msavepack[22m | 保存文件：res://.godot/imported/bujianyue-awakened.svg-8bc547befbf7258f262b32eb0e32c7be.ctex[39m[0m
[  60% ] [90m[1msavepack[22m | 保存文件：res://assets/wave6/bujianyue-awakened.svg.import[39m[0m
[  60% ] [90m[1msavepack[22m | 保存文件：res://.godot/imported/bujianyue.svg-48c8a2cb327f39e64f4d4d77cb06f6a8.ctex[39m[0m
[  60% ] [90m[1msavepack[22m | 保存文件：res://assets/wave6/bujianyue.svg.import[39m[0m
[  60% ] [90m[1msavepack[22m | 保存文件：res://.godot/imported/chongshi-awakened.svg-c4055eeaea91aec625da3b31452b3bb2.ctex[39m[0m
[  60% ] [90m[1msavepack[22m | 保存文件：res://assets/wave6/chongshi-awakened.svg.import[39m[0m
[  61% ] [90m[1msavepack[22m | 保存文件：res://.godot/imported/chongshi.svg-8922c9ed14abea2d1165e1a3090afd17.ctex[39m[0m
[  61% ] [90m[1msavepack[22m | 保存文件：res://assets/wave6/chongshi.svg.import[39m[0m
[  61% ] [90m[1msavepack[22m | 保存文件：res://.godot/imported/choushizhinv-awakened.svg-06164f7ffb73fe442897d8bc1810585d.ctex[39m[0m
[  61% ] [90m[1msavepack[22m | 保存文件：res://assets/wave6/choushizhinv-awakened.svg.import[39m[0m
[  61% ] [90m[1msavepack[22m | 保存文件：res://.godot/imported/choushizhinv.svg-231c23ca2b5f6fea951dd9acf8b452f8.ctex[39m[0m
[  61% ] [90m[1msavepack[22m | 保存文件：res://assets/wave6/choushizhinv.svg.import[39m[0m
[  61% ] [90m[1msavepack[22m | 保存文件：res://.godot/imported/gunvhongye-awakened.svg-7cae476b5f4c62d609384b7241077b7f.ctex[39m[0m
[  61% ] [90m[1msavepack[22m | 保存文件：res://assets/wave6/gunvhongye-awakened.svg.import[39m[0m
[  61% ] [90m[1msavepack[22m | 保存文件：res://.godot/imported/gunvhongye.svg-8fa3daddbb1e24f7949e4889fee1a022.ctex[39m[0m
[  61% ] [90m[1msavepack[22m | 保存文件：res://assets/wave6/gunvhongye.svg.import[39m[0m
[  61% ] [90m[1msavepack[22m | 保存文件：res://.godot/imported/hainren-awakened.svg-cd310c6211d88fbc32b238a0d9671416.ctex[39m[0m
[  61% ] [90m[1msavepack[22m | 保存文件：res://assets/wave6/hainren-awakened.svg.import[39m[0m
[  61% ] [90m[1msavepack[22m | 保存文件：res://.godot/imported/hainren.svg-e1783adef64e7ee9ea78dfe559845f5a.ctex[39m[0m
[  61% ] [90m[1msavepack[22m | 保存文件：res://assets/wave6/hainren.svg.import[39m[0m
[  61% ] [90m[1msavepack[22m | 保存文件：res://.godot/imported/huajing-awakened.svg-1566ec317537153abe9ccbdab9cccda8.ctex[39m[0m
[  61% ] [90m[1msavepack[22m | 保存文件：res://assets/wave6/huajing-awakened.svg.import[39m[0m
[  62% ] [90m[1msavepack[22m | 保存文件：res://.godot/imported/huajing.svg-0a68b5ed161ce48d0136a017f32ca032.ctex[39m[0m
[  62% ] [90m[1msavepack[22m | 保存文件：res://assets/wave6/huajing.svg.import[39m[0m
[  62% ] [90m[1msavepack[22m | 保存文件：res://.godot/imported/huangchuanzhizhu-awakened.svg-750b5602b50d64917b18434bb94b94ed.ctex[39m[0m
[  62% ] [90m[1msavepack[22m | 保存文件：res://assets/wave6/huangchuanzhizhu-awakened.svg.import[39m[0m
[  62% ] [90m[1msavepack[22m | 保存文件：res://.godot/imported/huangchuanzhizhu.svg-e82923f45d605ff001389b868d4472ec.ctex[39m[0m
[  62% ] [90m[1msavepack[22m | 保存文件：res://assets/wave6/huangchuanzhizhu.svg.import[39m[0m
[  62% ] [90m[1msavepack[22m | 保存文件：res://.godot/imported/hudiejing-awakened.svg-c8d5d1bfe1206caa5ed49cbd55e57ab6.ctex[39m[0m
[  62% ] [90m[1msavepack[22m | 保存文件：res://assets/wave6/hudiejing-awakened.svg.import[39m[0m
[  62% ] [90m[1msavepack[22m | 保存文件：res://.godot/imported/hudiejing.svg-334d81c98d0a3d980f42092a717eb0aa.ctex[39m[0m
[  62% ] [90m[1msavepack[22m | 保存文件：res://assets/wave6/hudiejing.svg.import[39m[0m
[  62% ] [90m[1msavepack[22m | 保存文件：res://.godot/imported/jialouluo-awakened.svg-690aafdb0458f917730be5224d2697d1.ctex[39m[0m
[  62% ] [90m[1msavepack[22m | 保存文件：res://assets/wave6/jialouluo-awakened.svg.import[39m[0m
[  62% ] [90m[1msavepack[22m | 保存文件：res://.godot/imported/jialouluo.svg-54327ad3a56623a5e1b27c4a71808d31.ctex[39m[0m
[  62% ] [90m[1msavepack[22m | 保存文件：res://assets/wave6/jialouluo.svg.import[39m[0m
[  62% ] [90m[1msavepack[22m | 保存文件：res://.godot/imported/jicanghai-awakened.svg-cb5fda576c4ecd176148e816daa8bbc8.ctex[39m[0m
[  62% ] [90m[1msavepack[22m | 保存文件：res://assets/wave6/jicanghai-awakened.svg.import[39m[0m
[  63% ] [90m[1msavepack[22m | 保存文件：res://.godot/imported/jicanghai.svg-2ab6888e5e4350eb441e3976139465be.ctex[39m[0m
[  63% ] [90m[1msavepack[22m | 保存文件：res://assets/wave6/jicanghai.svg.import[39m[0m
[  63% ] [90m[1msavepack[22m | 保存文件：res://.godot/imported/jinnaluo-awakened.svg-9de73549cdc67174a7dad49265524c00.ctex[39m[0m
[  63% ] [90m[1msavepack[22m | 保存文件：res://assets/wave6/jinnaluo-awakened.svg.import[39m[0m
[  63% ] [90m[1msavepack[22m | 保存文件：res://.godot/imported/jinnaluo.svg-e7e0ac74a98f8cb1b41821f9620debd5.ctex[39m[0m
[  63% ] [90m[1msavepack[22m | 保存文件：res://assets/wave6/jinnaluo.svg.import[39m[0m
[  63% ] [90m[1msavepack[22m | 保存文件：res://.godot/imported/linghaidie-awakened.svg-cfbc745ed0dd517814fb8cc8d652c7c0.ctex[39m[0m
[  63% ] [90m[1msavepack[22m | 保存文件：res://assets/wave6/linghaidie-awakened.svg.import[39m[0m
[  63% ] [90m[1msavepack[22m | 保存文件：res://.godot/imported/linghaidie.svg-c93add7fa36275da3ce908392ccf3279.ctex[39m[0m
[  63% ] [90m[1msavepack[22m | 保存文件：res://assets/wave6/linghaidie.svg.import[39m[0m
[  63% ] [90m[1msavepack[22m | 保存文件：res://.godot/imported/lingyanji-awakened.svg-893648ec9915b78a48aefab96283fbd5.ctex[39m[0m
[  63% ] [90m[1msavepack[22m | 保存文件：res://assets/wave6/lingyanji-awakened.svg.import[39m[0m
[  63% ] [90m[1msavepack[22m | 保存文件：res://.godot/imported/lingyanji.svg-eacded1859f7217cd31f6e3e8af66581.ctex[39m[0m
[  63% ] [90m[1msavepack[22m | 保存文件：res://assets/wave6/lingyanji.svg.import[39m[0m
[  63% ] [90m[1msavepack[22m | 保存文件：res://.godot/imported/liyujing-awakened.svg-bac9ea1826b7d4bccf9dd1462b2a0e6d.ctex[39m[0m
[  63% ] [90m[1msavepack[22m | 保存文件：res://assets/wave6/liyujing-awakened.svg.import[39m[0m
[  63% ] [90m[1msavepack[22m | 保存文件：res://.godot/imported/liyujing.svg-5ea04e181ec20d9686dd9bef523322bf.ctex[39m[0m
[  63% ] [90m[1msavepack[22m | 保存文件：res://assets/wave6/liyujing.svg.import[39m[0m
[  64% ] [90m[1msavepack[22m | 保存文件：res://.godot/imported/luoxinfu-awakened.svg-d6bced0e9a481afc08b8bed55421c54d.ctex[39m[0m
[  64% ] [90m[1msavepack[22m | 保存文件：res://assets/wave6/luoxinfu-awakened.svg.import[39m[0m
[  64% ] [90m[1msavepack[22m | 保存文件：res://.godot/imported/luoxinfu.svg-0bbe1bc18650c51f80584d2025161280.ctex[39m[0m
[  64% ] [90m[1msavepack[22m | 保存文件：res://assets/wave6/luoxinfu.svg.import[39m[0m
[  64% ] [90m[1msavepack[22m | 保存文件：res://.godot/imported/ninghongye-awakened.svg-d57bf5c45c65ad116fc9e00884f3184d.ctex[39m[0m
[  64% ] [90m[1msavepack[22m | 保存文件：res://assets/wave6/ninghongye-awakened.svg.import[39m[0m
[  64% ] [90m[1msavepack[22m | 保存文件：res://.godot/imported/ninghongye.svg-267b441cbf0f64f40dde9f765282928b.ctex[39m[0m
[  64% ] [90m[1msavepack[22m | 保存文件：res://assets/wave6/ninghongye.svg.import[39m[0m
[  64% ] [90m[1msavepack[22m | 保存文件：res://.godot/imported/rurineque-awakened.svg-be90d10b716f6eadb341281e4d3b61f3.ctex[39m[0m
[  64% ] [90m[1msavepack[22m | 保存文件：res://assets/wave6/rurineque-awakened.svg.import[39m[0m
[  64% ] [90m[1msavepack[22m | 保存文件：res://.godot/imported/rurineque.svg-4cc171e2ee04c8c7b487c3da8c5a9a71.ctex[39m[0m
[  64% ] [90m[1msavepack[22m | 保存文件：res://assets/wave6/rurineque.svg.import[39m[0m
[  64% ] [90m[1msavepack[22m | 保存文件：res://.godot/imported/sanweihu-awakened.svg-03cb15efa013f0915f41c0d96ad1f2c5.ctex[39m[0m
[  64% ] [90m[1msavepack[22m | 保存文件：res://assets/wave6/sanweihu-awakened.svg.import[39m[0m
[  64% ] [90m[1msavepack[22m | 保存文件：res://.godot/imported/sanweihu.svg-42571a7ed8f6a6ee4231b35cbdf0612d.ctex[39m[0m
[  64% ] [90m[1msavepack[22m | 保存文件：res://assets/wave6/sanweihu.svg.import[39m[0m
[  65% ] [90m[1msavepack[22m | 保存文件：res://.godot/imported/shouwu-awakened.svg-28cf18c440edfa3c0d85641156639336.ctex[39m[0m
[  65% ] [90m[1msavepack[22m | 保存文件：res://assets/wave6/shouwu-awakened.svg.import[39m[0m
[  65% ] [90m[1msavepack[22m | 保存文件：res://.godot/imported/shouwu.svg-4dd3c1ceddea5083724a9358ae753c92.ctex[39m[0m
[  65% ] [90m[1msavepack[22m | 保存文件：res://assets/wave6/shouwu.svg.import[39m[0m
[  65% ] [90m[1msavepack[22m | 保存文件：res://.godot/imported/shuzhu-awakened.svg-e138684e8d7904dd7327fecea5430a8f.ctex[39m[0m
[  65% ] [90m[1msavepack[22m | 保存文件：res://assets/wave6/shuzhu-awakened.svg.import[39m[0m
[  65% ] [90m[1msavepack[22m | 保存文件：res://.godot/imported/shuzhu.svg-27b3c4430f22ebe3f2454e2bea7f5d97.ctex[39m[0m
[  65% ] [90m[1msavepack[22m | 保存文件：res://assets/wave6/shuzhu.svg.import[39m[0m
[  65% ] [90m[1msavepack[22m | 保存文件：res://.godot/imported/tayumenhutao-awakened.svg-7a14d41ccd4c64690a06c30d9b703afe.ctex[39m[0m
[  65% ] [90m[1msavepack[22m | 保存文件：res://assets/wave6/tayumenhutao-awakened.svg.import[39m[0m
[  65% ] [90m[1msavepack[22m | 保存文件：res://.godot/imported/tayumenhutao.svg-587ab9805f452399483996bf88e0ac06.ctex[39m[0m
[  65% ] [90m[1msavepack[22m | 保存文件：res://assets/wave6/tayumenhutao.svg.import[39m[0m
[  65% ] [90m[1msavepack[22m | 保存文件：res://.godot/imported/wannianzhu-awakened.svg-dee29c854aadabba2c200cc6934411bc.ctex[39m[0m
[  65% ] [90m[1msavepack[22m | 保存文件：res://assets/wave6/wannianzhu-awakened.svg.import[39m[0m
[  65% ] [90m[1msavepack[22m | 保存文件：res://.godot/imported/wannianzhu.svg-af1e6bc96d5e2ca2001e5a66a6b69418.ctex[39m[0m
[  65% ] [90m[1msavepack[22m | 保存文件：res://assets/wave6/wannianzhu.svg.import[39m[0m
[  65% ] [90m[1msavepack[22m | 保存文件：res://.godot/imported/wuchen-awakened.svg-5c1401a374a343faf1291d3540a1fb3d.ctex[39m[0m
[  65% ] [90m[1msavepack[22m | 保存文件：res://assets/wave6/wuchen-awakened.svg.import[39m[0m
[  66% ] [90m[1msavepack[22m | 保存文件：res://.godot/imported/wuchen.svg-d8ba2d1edf6af44078bb948fccd23c09.ctex[39m[0m
[  66% ] [90m[1msavepack[22m | 保存文件：res://assets/wave6/wuchen.svg.import[39m[0m
[  66% ] [90m[1msavepack[22m | 保存文件：res://.godot/imported/xieenv-awakened.svg-3fc01137b5679a2b5ebb807a613d2891.ctex[39m[0m
[  66% ] [90m[1msavepack[22m | 保存文件：res://assets/wave6/xieenv-awakened.svg.import[39m[0m
[  66% ] [90m[1msavepack[22m | 保存文件：res://.godot/imported/xieenv.svg-373792f72d54ff168405c05caf63559d.ctex[39m[0m
[  66% ] [90m[1msavepack[22m | 保存文件：res://assets/wave6/xieenv.svg.import[39m[0m
[  66% ] [90m[1msavepack[22m | 保存文件：res://.godot/imported/xunxiangxing-awakened.svg-733911bcf25fdf4c10170b273b66790d.ctex[39m[0m
[  66% ] [90m[1msavepack[22m | 保存文件：res://assets/wave6/xunxiangxing-awakened.svg.import[39m[0m
[  66% ] [90m[1msavepack[22m | 保存文件：res://.godot/imported/xunxiangxing.svg-7d03fbfeaa6d82f26bf79051b29ca2f6.ctex[39m[0m
[  66% ] [90m[1msavepack[22m | 保存文件：res://assets/wave6/xunxiangxing.svg.import[39m[0m
[  66% ] [90m[1msavepack[22m | 保存文件：res://.godot/imported/xuzuozhinan-awakened.svg-f9ce7e6a530edb1d955002e385015e1d.ctex[39m[0m
[  66% ] [90m[1msavepack[22m | 保存文件：res://assets/wave6/xuzuozhinan-awakened.svg.import[39m[0m
[  66% ] [90m[1msavepack[22m | 保存文件：res://.godot/imported/xuzuozhinan.svg-5ff25197f909940c0fbdaec4ff5979c5.ctex[39m[0m
[  66% ] [90m[1msavepack[22m | 保存文件：res://assets/wave6/xuzuozhinan.svg.import[39m[0m
[  66% ] [90m[1msavepack[22m | 保存文件：res://.godot/imported/yecha-awakened.svg-03f7e107502f1a97b8317eb05c213365.ctex[39m[0m
[  66% ] [90m[1msavepack[22m | 保存文件：res://assets/wave6/yecha-awakened.svg.import[39m[0m
[  66% ] [90m[1msavepack[22m | 保存文件：res://.godot/imported/yecha.svg-6b70319610f27bf02648e0f1ce851d5d.ctex[39m[0m
[  66% ] [90m[1msavepack[22m | 保存文件：res://assets/wave6/yecha.svg.import[39m[0m
[  66% ] [90m[1msavepack[22m | 保存文件：res://.godot/imported/yifanmumian-awakened.svg-4fb547a555dc23859eb6754f180183ac.ctex[39m[0m
[  66% ] [90m[1msavepack[22m | 保存文件：res://assets/wave6/yifanmumian-awakened.svg.import[39m[0m
[  66% ] [90m[1msavepack[22m | 保存文件：res://.godot/imported/yifanmumian.svg-9d80b41708dfccf566480a8186e2f834.ctex[39m[0m
[  66% ] [90m[1msavepack[22m | 保存文件：res://assets/wave6/yifanmumian.svg.import[39m[0m
[  66% ] [90m[1msavepack[22m | 保存文件：res://.godot/imported/yinge-awakened.svg-05212d460a58bf0f72f5033e47398cd5.ctex[39m[0m
[  66% ] [90m[1msavepack[22m | 保存文件：res://assets/wave6/yinge-awakened.svg.import[39m[0m
[  66% ] [90m[1msavepack[22m | 保存文件：res://.godot/imported/yinge.svg-f1427143bb2d3f0162abf3e22b981648.ctex[39m[0m
[  66% ] [90m[1msavepack[22m | 保存文件：res://assets/wave6/yinge.svg.import[39m[0m
[  66% ] [90m[1msavepack[22m | 保存文件：res://.godot/imported/yitiao-awakened.svg-38952362ec244bf3c955e4c7ad512bfb.ctex[39m[0m
[  66% ] [90m[1msavepack[22m | 保存文件：res://assets/wave6/yitiao-awakened.svg.import[39m[0m
[  66% ] [90m[1msavepack[22m | 保存文件：res://.godot/imported/yitiao.svg-fab18446cb573ff514a890323e57cef6.ctex[39m[0m
[  66% ] [90m[1msavepack[22m | 保存文件：res://assets/wave6/yitiao.svg.import[39m[0m
[  66% ] [90m[1msavepack[22m | 保存文件：res://.godot/imported/yujuchong-awakened.svg-0a9908538371c9691a29ed416c2373ab.ctex[39m[0m
[  66% ] [90m[1msavepack[22m | 保存文件：res://assets/wave6/yujuchong-awakened.svg.import[39m[0m
[  67% ] [90m[1msavepack[22m | 保存文件：res://.godot/imported/yujuchong.svg-47dd1b372022686e973819740d97938b.ctex[39m[0m
[  67% ] [90m[1msavepack[22m | 保存文件：res://assets/wave6/yujuchong.svg.import[39m[0m
[  67% ] [90m[1msavepack[22m | 保存文件：res://.godot/imported/caitong-lvli-awakened.svg-3847942416aa9f6d89e10ed08b05d027.ctex[39m[0m
[  67% ] [90m[1msavepack[22m | 保存文件：res://assets/wave7/caitong-lvli-awakened.svg.import[39m[0m
[  67% ] [90m[1msavepack[22m | 保存文件：res://.godot/imported/caitong-lvli.svg-140493a20622caf943f0af5df39d8800.ctex[39m[0m
[  67% ] [90m[1msavepack[22m | 保存文件：res://assets/wave7/caitong-lvli.svg.import[39m[0m
[  67% ] [90m[1msavepack[22m | 保存文件：res://.godot/imported/chuanyuan-awakened.svg-5eb43053e68d5e211860a089a70a0dbe.ctex[39m[0m
[  67% ] [90m[1msavepack[22m | 保存文件：res://assets/wave7/chuanyuan-awakened.svg.import[39m[0m
[  67% ] [90m[1msavepack[22m | 保存文件：res://.godot/imported/chuanyuan.svg-a6d365a8ee7007bb07014a61e83d4166.ctex[39m[0m
[  67% ] [90m[1msavepack[22m | 保存文件：res://assets/wave7/chuanyuan.svg.import[39m[0m
[  67% ] [90m[1msavepack[22m | 保存文件：res://.godot/imported/datiangou-gangfeng-awakened.svg-a2d390537feee4c76c76eb64ea225641.ctex[39m[0m
[  67% ] [90m[1msavepack[22m | 保存文件：res://assets/wave7/datiangou-gangfeng-awakened.svg.import[39m[0m
[  67% ] [90m[1msavepack[22m | 保存文件：res://.godot/imported/datiangou-gangfeng.svg-40703d034c2424592911546979d379d4.ctex[39m[0m
[  67% ] [90m[1msavepack[22m | 保存文件：res://assets/wave7/datiangou-gangfeng.svg.import[39m[0m
[  67% ] [90m[1msavepack[22m | 保存文件：res://.godot/imported/erkounv-awakened.svg-e2c2581b1192e958d9b69d59bc67edfc.ctex[39m[0m
[  67% ] [90m[1msavepack[22m | 保存文件：res://assets/wave7/erkounv-awakened.svg.import[39m[0m
[  67% ] [90m[1msavepack[22m | 保存文件：res://.godot/imported/erkounv.svg-f97f6fa6e1c3c5a843a826a99305e57d.ctex[39m[0m
[  67% ] [90m[1msavepack[22m | 保存文件：res://assets/wave7/erkounv.svg.import[39m[0m
[  68% ] [90m[1msavepack[22m | 保存文件：res://.godot/imported/fenpopo-awakened.svg-ee3efa42dfc8662ed811b3f5aa5f61be.ctex[39m[0m
[  68% ] [90m[1msavepack[22m | 保存文件：res://assets/wave7/fenpopo-awakened.svg.import[39m[0m
[  68% ] [90m[1msavepack[22m | 保存文件：res://.godot/imported/fenpopo.svg-302a6315ab136b584109d3a4a1f5e11d.ctex[39m[0m
[  68% ] [90m[1msavepack[22m | 保存文件：res://assets/wave7/fenpopo.svg.import[39m[0m
[  68% ] [90m[1msavepack[22m | 保存文件：res://.godot/imported/gulonghuo-awakened.svg-a35163b9240dd3c175f0a058c736c2c8.ctex[39m[0m
[  68% ] [90m[1msavepack[22m | 保存文件：res://assets/wave7/gulonghuo-awakened.svg.import[39m[0m
[  68% ] [90m[1msavepack[22m | 保存文件：res://.godot/imported/gulonghuo.svg-6f6c51a09c0d8344ae95fd86e4a9e02d.ctex[39m[0m
[  68% ] [90m[1msavepack[22m | 保存文件：res://assets/wave7/gulonghuo.svg.import[39m[0m
[  68% ] [90m[1msavepack[22m | 保存文件：res://.godot/imported/guniao-yuxiang-awakened.svg-b602dab9ce05b2c9002f2f61c364753f.ctex[39m[0m
[  68% ] [90m[1msavepack[22m | 保存文件：res://assets/wave7/guniao-yuxiang-awakened.svg.import[39m[0m
[  68% ] [90m[1msavepack[22m | 保存文件：res://.godot/imported/guniao-yuxiang.svg-9b46ef8ab4d3aa9b0e3776904b9d7720.ctex[39m[0m
[  68% ] [90m[1msavepack[22m | 保存文件：res://assets/wave7/guniao-yuxiang.svg.import[39m[0m
[  68% ] [90m[1msavepack[22m | 保存文件：res://.godot/imported/huimingdeng-awakened.svg-02bf5e49a36f1b05a147e404007c257b.ctex[39m[0m
[  68% ] [90m[1msavepack[22m | 保存文件：res://assets/wave7/huimingdeng-awakened.svg.import[39m[0m
[  68% ] [90m[1msavepack[22m | 保存文件：res://.godot/imported/huimingdeng.svg-aa254018fdf293eb6c472ba4563ae0cc.ctex[39m[0m
[  68% ] [90m[1msavepack[22m | 保存文件：res://assets/wave7/huimingdeng.svg.import[39m[0m
[  69% ] [90m[1msavepack[22m | 保存文件：res://.godot/imported/ji-awakened.svg-ffefd63e2604af18288b40e9f4f7afbc.ctex[39m[0m
[  69% ] [90m[1msavepack[22m | 保存文件：res://assets/wave7/ji-awakened.svg.import[39m[0m
[  69% ] [90m[1msavepack[22m | 保存文件：res://.godot/imported/ji.svg-8d07644c56b874b6c66d374b463388a5.ctex[39m[0m
[  69% ] [90m[1msavepack[22m | 保存文件：res://assets/wave7/ji.svg.import[39m[0m
[  69% ] [90m[1msavepack[22m | 保存文件：res://.godot/imported/jiao-awakened.svg-081ed1fb111f2c68c921750c3fd72ede.ctex[39m[0m
[  69% ] [90m[1msavepack[22m | 保存文件：res://assets/wave7/jiao-awakened.svg.import[39m[0m
[  69% ] [90m[1msavepack[22m | 保存文件：res://.godot/imported/jiao.svg-afd2a60d8b42f1f67961d64c86d7b40d.ctex[39m[0m
[  69% ] [90m[1msavepack[22m | 保存文件：res://assets/wave7/jiao.svg.import[39m[0m
[  69% ] [90m[1msavepack[22m | 保存文件：res://.godot/imported/jutun-wangkong-awakened.svg-14a1b76e573891ed9a74623730982569.ctex[39m[0m
[  69% ] [90m[1msavepack[22m | 保存文件：res://assets/wave7/jutun-wangkong-awakened.svg.import[39m[0m
[  69% ] [90m[1msavepack[22m | 保存文件：res://.godot/imported/jutun-wangkong.svg-e89cb305ebcf6c46ce74ee4407940823.ctex[39m[0m
[  69% ] [90m[1msavepack[22m | 保存文件：res://assets/wave7/jutun-wangkong.svg.import[39m[0m
[  69% ] [90m[1msavepack[22m | 保存文件：res://.godot/imported/kongquemingwang-awakened.svg-73d127745095e2f483f2cc1f78f639d2.ctex[39m[0m
[  69% ] [90m[1msavepack[22m | 保存文件：res://assets/wave7/kongquemingwang-awakened.svg.import[39m[0m
[  69% ] [90m[1msavepack[22m | 保存文件：res://.godot/imported/kongquemingwang.svg-0aeacddbc7126471cd34327434514062.ctex[39m[0m
[  69% ] [90m[1msavepack[22m | 保存文件：res://assets/wave7/kongquemingwang.svg.import[39m[0m
[  69% ] [90m[1msavepack[22m | 保存文件：res://.godot/imported/langyazi-awakened.svg-a8aa02f81823b6bb3bfd9b22430f7a13.ctex[39m[0m
[  69% ] [90m[1msavepack[22m | 保存文件：res://assets/wave7/langyazi-awakened.svg.import[39m[0m
[  70% ] [90m[1msavepack[22m | 保存文件：res://.godot/imported/langyazi.svg-67cda4858eecbb5d1d5fc5de599dcdbf.ctex[39m[0m
[  70% ] [90m[1msavepack[22m | 保存文件：res://assets/wave7/langyazi.svg.import[39m[0m
[  70% ] [90m[1msavepack[22m | 保存文件：res://.godot/imported/panguan-xuanmo-awakened.svg-d892f0c27c091f461b252e76a1f9778a.ctex[39m[0m
[  70% ] [90m[1msavepack[22m | 保存文件：res://assets/wave7/panguan-xuanmo-awakened.svg.import[39m[0m
[  70% ] [90m[1msavepack[22m | 保存文件：res://.godot/imported/panguan-xuanmo.svg-4b974fa8970b9f79c14df5f9a3a7502f.ctex[39m[0m
[  70% ] [90m[1msavepack[22m | 保存文件：res://assets/wave7/panguan-xuanmo.svg.import[39m[0m
[  70% ] [90m[1msavepack[22m | 保存文件：res://.godot/imported/qingfangzhu-fanchen-awakened.svg-fc7d3096c651bc5443dce276dab7d2c3.ctex[39m[0m
[  70% ] [90m[1msavepack[22m | 保存文件：res://assets/wave7/qingfangzhu-fanchen-awakened.svg.import[39m[0m
[  70% ] [90m[1msavepack[22m | 保存文件：res://.godot/imported/qingfangzhu-fanchen.svg-9c6251cc1e63872547b2ae1a67f2277e.ctex[39m[0m
[  70% ] [90m[1msavepack[22m | 保存文件：res://assets/wave7/qingfangzhu-fanchen.svg.import[39m[0m
[  70% ] [90m[1msavepack[22m | 保存文件：res://.godot/imported/qingxingdeng-huihuo-awakened.svg-9018f7bb3fe81f92b6568500514e5ce8.ctex[39m[0m
[  70% ] [90m[1msavepack[22m | 保存文件：res://assets/wave7/qingxingdeng-huihuo-awakened.svg.import[39m[0m
[  70% ] [90m[1msavepack[22m | 保存文件：res://.godot/imported/qingxingdeng-huihuo.svg-6e011815bd6f6e9ba0224ccf6b20aeda.ctex[39m[0m
[  70% ] [90m[1msavepack[22m | 保存文件：res://assets/wave7/qingxingdeng-huihuo.svg.import[39m[0m
[  70% ] [90m[1msavepack[22m | 保存文件：res://.godot/imported/quanshen-lizhan-awakened.svg-0b46d32ba943611ff7daedf34c4f6c28.ctex[39m[0m
[  70% ] [90m[1msavepack[22m | 保存文件：res://assets/wave7/quanshen-lizhan-awakened.svg.import[39m[0m
[  71% ] [90m[1msavepack[22m | 保存文件：res://.godot/imported/quanshen-lizhan.svg-05978bf63e16d6864761f82644ebb4ae.ctex[39m[0m
[  71% ] [90m[1msavepack[22m | 保存文件：res://assets/wave7/quanshen-lizhan.svg.import[39m[0m
[  71% ] [90m[1msavepack[22m | 保存文件：res://.godot/imported/shantu-zuofu-awakened.svg-6fac89c7209bc1216275056692b8f4f4.ctex[39m[0m
[  71% ] [90m[1msavepack[22m | 保存文件：res://assets/wave7/shantu-zuofu-awakened.svg.import[39m[0m
[  71% ] [90m[1msavepack[22m | 保存文件：res://.godot/imported/shantu-zuofu.svg-68eee071d262b5ddd633ca2cd9518f16.ctex[39m[0m
[  71% ] [90m[1msavepack[22m | 保存文件：res://assets/wave7/shantu-zuofu.svg.import[39m[0m
[  71% ] [90m[1msavepack[22m | 保存文件：res://.godot/imported/shifagui-awakened.svg-b2a475550363ffb01c74a728816bec9e.ctex[39m[0m
[  71% ] [90m[1msavepack[22m | 保存文件：res://assets/wave7/shifagui-awakened.svg.import[39m[0m
[  71% ] [90m[1msavepack[22m | 保存文件：res://.godot/imported/shifagui.svg-228f785b58f2e7e4b2665112d1d4b6dd.ctex[39m[0m
[  71% ] [90m[1msavepack[22m | 保存文件：res://assets/wave7/shifagui.svg.import[39m[0m
[  71% ] [90m[1msavepack[22m | 保存文件：res://.godot/imported/taohua-luoying-awakened.svg-4ac9a5347700698564edb2b551f7bb77.ctex[39m[0m
[  71% ] [90m[1msavepack[22m | 保存文件：res://assets/wave7/taohua-luoying-awakened.svg.import[39m[0m
[  71% ] [90m[1msavepack[22m | 保存文件：res://.godot/imported/taohua-luoying.svg-1d01472aa9e17a870c196072a32f3381.ctex[39m[0m
[  71% ] [90m[1msavepack[22m | 保存文件：res://assets/wave7/taohua-luoying.svg.import[39m[0m
[  71% ] [90m[1msavepack[22m | 保存文件：res://.godot/imported/tiannimei-awakened.svg-74411ecf780900ecd0e737c411c309a5.ctex[39m[0m
[  71% ] [90m[1msavepack[22m | 保存文件：res://assets/wave7/tiannimei-awakened.svg.import[39m[0m
[  72% ] [90m[1msavepack[22m | 保存文件：res://.godot/imported/tiannimei.svg-62f00949ac2dbd60409609b83e1a2741.ctex[39m[0m
[  72% ] [90m[1msavepack[22m | 保存文件：res://assets/wave7/tiannimei.svg.import[39m[0m
[  72% ] [90m[1msavepack[22m | 保存文件：res://.godot/imported/xiaoxiuzhishou-awakened.svg-01eeac309f9c0ef38041e53ec0fa068e.ctex[39m[0m
[  72% ] [90m[1msavepack[22m | 保存文件：res://assets/wave7/xiaoxiuzhishou-awakened.svg.import[39m[0m
[  72% ] [90m[1msavepack[22m | 保存文件：res://.godot/imported/xiaoxiuzhishou.svg-b54186e2df4f8b17ea91d2b967518ca3.ctex[39m[0m
[  72% ] [90m[1msavepack[22m | 保存文件：res://assets/wave7/xiaoxiuzhishou.svg.import[39m[0m
[  72% ] [90m[1msavepack[22m | 保存文件：res://.godot/imported/yanling-awakened.svg-66d9839ec383f949ed644406a4d917ce.ctex[39m[0m
[  72% ] [90m[1msavepack[22m | 保存文件：res://assets/wave7/yanling-awakened.svg.import[39m[0m
[  72% ] [90m[1msavepack[22m | 保存文件：res://.godot/imported/yanling.svg-ee913ba6f0759eb7dd498c382bfdeb7d.ctex[39m[0m
[  72% ] [90m[1msavepack[22m | 保存文件：res://assets/wave7/yanling.svg.import[39m[0m
[  72% ] [90m[1msavepack[22m | 保存文件：res://.godot/imported/yaodaoji-zhuren-awakened.svg-c6c1d14307316f882dd49cf0a90496d5.ctex[39m[0m
[  72% ] [90m[1msavepack[22m | 保存文件：res://assets/wave7/yaodaoji-zhuren-awakened.svg.import[39m[0m
[  72% ] [90m[1msavepack[22m | 保存文件：res://.godot/imported/yaodaoji-zhuren.svg-663726084a09db7449aa2949220e2305.ctex[39m[0m
[  72% ] [90m[1msavepack[22m | 保存文件：res://assets/wave7/yaodaoji-zhuren.svg.import[39m[0m
[  72% ] [90m[1msavepack[22m | 保存文件：res://.godot/imported/yimulian-linglai-awakened.svg-13e9690f26761e088db8c34177bb83cb.ctex[39m[0m
[  72% ] [90m[1msavepack[22m | 保存文件：res://assets/wave7/yimulian-linglai-awakened.svg.import[39m[0m
[  72% ] [90m[1msavepack[22m | 保存文件：res://.godot/imported/yimulian-linglai.svg-89e250b75fc696d76c4b97e97c373621.ctex[39m[0m
[  72% ] [90m[1msavepack[22m | 保存文件：res://assets/wave7/yimulian-linglai.svg.import[39m[0m
[  73% ] [90m[1msavepack[22m | 保存文件：res://.godot/imported/alaina-awakened.svg-44e024cd27f110b7abb97f6cdaaa7f5f.ctex[39m[0m
[  73% ] [90m[1msavepack[22m | 保存文件：res://assets/wave8/alaina-awakened.svg.import[39m[0m
[  73% ] [90m[1msavepack[22m | 保存文件：res://.godot/imported/alaina.svg-4d4ee3e1a252a77ae3be804f271e5cfe.ctex[39m[0m
[  73% ] [90m[1msavepack[22m | 保存文件：res://assets/wave8/alaina.svg.import[39m[0m
[  73% ] [90m[1msavepack[22m | 保存文件：res://.godot/imported/chen-awakened.svg-c1e60f1ef704d08867dd499d5bde4ac6.ctex[39m[0m
[  73% ] [90m[1msavepack[22m | 保存文件：res://assets/wave8/chen-awakened.svg.import[39m[0m
[  73% ] [90m[1msavepack[22m | 保存文件：res://.godot/imported/chen.svg-d89712d97bf921b4f6c8c352dd52ee61.ctex[39m[0m
[  73% ] [90m[1msavepack[22m | 保存文件：res://assets/wave8/chen.svg.import[39m[0m
[  73% ] [90m[1msavepack[22m | 保存文件：res://.godot/imported/daorenshen-awakened.svg-f0934da94f9ff7196ed16e130cd0e134.ctex[39m[0m
[  73% ] [90m[1msavepack[22m | 保存文件：res://assets/wave8/daorenshen-awakened.svg.import[39m[0m
[  73% ] [90m[1msavepack[22m | 保存文件：res://.godot/imported/daorenshen.svg-b36937546b740d7c65568ccba33de092.ctex[39m[0m
[  73% ] [90m[1msavepack[22m | 保存文件：res://assets/wave8/daorenshen.svg.import[39m[0m
[  73% ] [90m[1msavepack[22m | 保存文件：res://.godot/imported/ertong-awakened.svg-2052f9b9226544e19f59096922114372.ctex[39m[0m
[  73% ] [90m[1msavepack[22m | 保存文件：res://assets/wave8/ertong-awakened.svg.import[39m[0m
[  73% ] [90m[1msavepack[22m | 保存文件：res://.godot/imported/ertong.svg-4dcdcd6b6fc83f3471e72c6d2400bf97.ctex[39m[0m
[  73% ] [90m[1msavepack[22m | 保存文件：res://assets/wave8/ertong.svg.import[39m[0m
[  74% ] [90m[1msavepack[22m | 保存文件：res://.godot/imported/fansi-awakened.svg-1112d81186e31713f102337c6197f984.ctex[39m[0m
[  74% ] [90m[1msavepack[22m | 保存文件：res://assets/wave8/fansi-awakened.svg.import[39m[0m
[  74% ] [90m[1msavepack[22m | 保存文件：res://.godot/imported/fansi.svg-3d7e6eacdb1d535f0f6fceeba9acd955.ctex[39m[0m
[  74% ] [90m[1msavepack[22m | 保存文件：res://assets/wave8/fansi.svg.import[39m[0m
[  74% ] [90m[1msavepack[22m | 保存文件：res://.godot/imported/guishibai-awakened.svg-1d09def6d6706649cfb0dedc54fc1e25.ctex[39m[0m
[  74% ] [90m[1msavepack[22m | 保存文件：res://assets/wave8/guishibai-awakened.svg.import[39m[0m
[  74% ] [90m[1msavepack[22m | 保存文件：res://.godot/imported/guishibai.svg-3c5ac09524357300a318064ebab8c7aa.ctex[39m[0m
[  74% ] [90m[1msavepack[22m | 保存文件：res://assets/wave8/guishibai.svg.import[39m[0m
[  74% ] [90m[1msavepack[22m | 保存文件：res://.godot/imported/guishihei-awakened.svg-f78ef0c5182d02795cef56e22bb09efc.ctex[39m[0m
[  74% ] [90m[1msavepack[22m | 保存文件：res://assets/wave8/guishihei-awakened.svg.import[39m[0m
[  74% ] [90m[1msavepack[22m | 保存文件：res://.godot/imported/guishihei.svg-0e06f77d1b8233a114b68363f97de686.ctex[39m[0m
[  74% ] [90m[1msavepack[22m | 保存文件：res://assets/wave8/guishihei.svg.import[39m[0m
[  74% ] [90m[1msavepack[22m | 保存文件：res://.godot/imported/gunv-awakened.svg-7701f20065d56111ce9dcb792745c5fb.ctex[39m[0m
[  74% ] [90m[1msavepack[22m | 保存文件：res://assets/wave8/gunv-awakened.svg.import[39m[0m
[  74% ] [90m[1msavepack[22m | 保存文件：res://.godot/imported/gunv.svg-05fae287b17abc69762e623b981b1182.ctex[39m[0m
[  74% ] [90m[1msavepack[22m | 保存文件：res://assets/wave8/gunv.svg.import[39m[0m
[  74% ] [90m[1msavepack[22m | 保存文件：res://.godot/imported/huang-qiming-awakened.svg-8aaa6c30b8ae500ebed6fbbadc192ce0.ctex[39m[0m
[  74% ] [90m[1msavepack[22m | 保存文件：res://assets/wave8/huang-qiming-awakened.svg.import[39m[0m
[  75% ] [90m[1msavepack[22m | 保存文件：res://.godot/imported/huang-qiming.svg-b8574f353f69f40ce620a412396c5c3a.ctex[39m[0m
[  75% ] [90m[1msavepack[22m | 保存文件：res://assets/wave8/huang-qiming.svg.import[39m[0m
[  75% ] [90m[1msavepack[22m | 保存文件：res://.godot/imported/longzi-awakened.svg-69a9404ee901f546921f630b74de3d39.ctex[39m[0m
[  75% ] [90m[1msavepack[22m | 保存文件：res://assets/wave8/longzi-awakened.svg.import[39m[0m
[  75% ] [90m[1msavepack[22m | 保存文件：res://.godot/imported/longzi.svg-634d7d36c11a8e2b5107c13373914798.ctex[39m[0m
[  75% ] [90m[1msavepack[22m | 保存文件：res://assets/wave8/longzi.svg.import[39m[0m
[  75% ] [90m[1msavepack[22m | 保存文件：res://.godot/imported/maochuan-awakened.svg-c66286004abe4b17fe823bc28a5525fa.ctex[39m[0m
[  75% ] [90m[1msavepack[22m | 保存文件：res://assets/wave8/maochuan-awakened.svg.import[39m[0m
[  75% ] [90m[1msavepack[22m | 保存文件：res://.godot/imported/maochuan.svg-1bc3c4540b5238c6cffa3b1c550ebdbb.ctex[39m[0m
[  75% ] [90m[1msavepack[22m | 保存文件：res://assets/wave8/maochuan.svg.import[39m[0m
[  75% ] [90m[1msavepack[22m | 保存文件：res://.godot/imported/mianqiling-xinsu-awakened.svg-ffd56ea547da9c80fefbe6870c19bcfd.ctex[39m[0m
[  75% ] [90m[1msavepack[22m | 保存文件：res://assets/wave8/mianqiling-xinsu-awakened.svg.import[39m[0m
[  75% ] [90m[1msavepack[22m | 保存文件：res://.godot/imported/mianqiling-xinsu.svg-f92fdc22e884afc796f558b0e938db3d.ctex[39m[0m
[  75% ] [90m[1msavepack[22m | 保存文件：res://assets/wave8/mianqiling-xinsu.svg.import[39m[0m
[  75% ] [90m[1msavepack[22m | 保存文件：res://.godot/imported/rihefang-qingyang-awakened.svg-f0c9fd9da57704a2266b8d09dfe8c106.ctex[39m[0m
[  75% ] [90m[1msavepack[22m | 保存文件：res://assets/wave8/rihefang-qingyang-awakened.svg.import[39m[0m
[  76% ] [90m[1msavepack[22m | 保存文件：res://.godot/imported/rihefang-qingyang.svg-d67a3179506a1e0c62c2fba9d704748d.ctex[39m[0m
[  76% ] [90m[1msavepack[22m | 保存文件：res://assets/wave8/rihefang-qingyang.svg.import[39m[0m
[  76% ] [90m[1msavepack[22m | 保存文件：res://.godot/imported/tianzhao-awakened.svg-e1c161fa1cba6eae428b1edd5e036cb5.ctex[39m[0m
[  76% ] [90m[1msavepack[22m | 保存文件：res://assets/wave8/tianzhao-awakened.svg.import[39m[0m
[  76% ] [90m[1msavepack[22m | 保存文件：res://.godot/imported/tianzhao.svg-b793b16dffa5be6c95f2721da5332737.ctex[39m[0m
[  76% ] [90m[1msavepack[22m | 保存文件：res://assets/wave8/tianzhao.svg.import[39m[0m
[  76% ] [90m[1msavepack[22m | 保存文件：res://.godot/imported/tongnantongnv-awakened.svg-15578115f46e5673f34def1fa138d34f.ctex[39m[0m
[  76% ] [90m[1msavepack[22m | 保存文件：res://assets/wave8/tongnantongnv-awakened.svg.import[39m[0m
[  76% ] [90m[1msavepack[22m | 保存文件：res://.godot/imported/tongnantongnv.svg-63e91f2dc1a03b7089f6376afd55254e.ctex[39m[0m
[  76% ] [90m[1msavepack[22m | 保存文件：res://assets/wave8/tongnantongnv.svg.import[39m[0m
[  76% ] [90m[1msavepack[22m | 保存文件：res://.godot/imported/wushi-maoshi-awakened.svg-ddfba2e4760d15ff8e35092766c15228.ctex[39m[0m
[  76% ] [90m[1msavepack[22m | 保存文件：res://assets/wave8/wushi-maoshi-awakened.svg.import[39m[0m
[  76% ] [90m[1msavepack[22m | 保存文件：res://.godot/imported/wushi-maoshi.svg-3e8b66b2456a5ffa4d7698b1da601698.ctex[39m[0m
[  76% ] [90m[1msavepack[22m | 保存文件：res://assets/wave8/wushi-maoshi.svg.import[39m[0m
[  76% ] [90m[1msavepack[22m | 保存文件：res://.godot/imported/xiaolunan-qianshou-awakened.svg-928cf9c3d6e370569031f27c99b0bc91.ctex[39m[0m
[  76% ] [90m[1msavepack[22m | 保存文件：res://assets/wave8/xiaolunan-qianshou-awakened.svg.import[39m[0m
[  77% ] [90m[1msavepack[22m | 保存文件：res://.godot/imported/xiaolunan-qianshou.svg-933c53f595cb1e00d31b026c479dd430.ctex[39m[0m
[  77% ] [90m[1msavepack[22m | 保存文件：res://assets/wave8/xiaolunan-qianshou.svg.import[39m[0m
[  77% ] [90m[1msavepack[22m | 保存文件：res://.godot/imported/yanyanluo-fumiao-awakened.svg-b55be7f4309bf999b1d655e60de722ed.ctex[39m[0m
[  77% ] [90m[1msavepack[22m | 保存文件：res://assets/wave8/yanyanluo-fumiao-awakened.svg.import[39m[0m
[  77% ] [90m[1msavepack[22m | 保存文件：res://.godot/imported/yanyanluo-fumiao.svg-3da0e02ce48aac2145b8a03e313fa86e.ctex[39m[0m
[  77% ] [90m[1msavepack[22m | 保存文件：res://assets/wave8/yanyanluo-fumiao.svg.import[39m[0m
[  77% ] [90m[1msavepack[22m | 保存文件：res://.godot/imported/yingcao-pupu-awakened.svg-a1d2fdaffc13b5c6bdbea0ac014963e0.ctex[39m[0m
[  77% ] [90m[1msavepack[22m | 保存文件：res://assets/wave8/yingcao-pupu-awakened.svg.import[39m[0m
[  77% ] [90m[1msavepack[22m | 保存文件：res://.godot/imported/yingcao-pupu.svg-236f5f2f47be291903dbb9856abac6d2.ctex[39m[0m
[  77% ] [90m[1msavepack[22m | 保存文件：res://assets/wave8/yingcao-pupu.svg.import[39m[0m
[  77% ] [90m[1msavepack[22m | 保存文件：res://.godot/imported/yixienamei-awakened.svg-1da97ee1e4813487636c388a05a41140.ctex[39m[0m
[  77% ] [90m[1msavepack[22m | 保存文件：res://assets/wave8/yixienamei-awakened.svg.import[39m[0m
[  77% ] [90m[1msavepack[22m | 保存文件：res://.godot/imported/yixienamei.svg-0aff38b18543ae15e9b19866b06df96a.ctex[39m[0m
[  77% ] [90m[1msavepack[22m | 保存文件：res://assets/wave8/yixienamei.svg.import[39m[0m
[  77% ] [90m[1msavepack[22m | 保存文件：res://.godot/imported/youning-awakened.svg-55de86286f94500f9af2412e840ce0e4.ctex[39m[0m
[  77% ] [90m[1msavepack[22m | 保存文件：res://assets/wave8/youning-awakened.svg.import[39m[0m
[  77% ] [90m[1msavepack[22m | 保存文件：res://.godot/imported/youning.svg-61e8b7acd4988047108418bdd5d519f8.ctex[39m[0m
[  77% ] [90m[1msavepack[22m | 保存文件：res://assets/wave8/youning.svg.import[39m[0m
[  78% ] [90m[1msavepack[22m | 保存文件：res://.godot/imported/yuedu-awakened.svg-7ffe504dcb41eaf939a1526496a29d62.ctex[39m[0m
[  78% ] [90m[1msavepack[22m | 保存文件：res://assets/wave8/yuedu-awakened.svg.import[39m[0m
[  78% ] [90m[1msavepack[22m | 保存文件：res://.godot/imported/yuedu.svg-6704315b739367e06cc2a3f1c6ad41b6.ctex[39m[0m
[  78% ] [90m[1msavepack[22m | 保存文件：res://assets/wave8/yuedu.svg.import[39m[0m
[  78% ] [90m[1msavepack[22m | 保存文件：res://.godot/imported/yunv-awakened.svg-1f64bbcbe529a772fe070f170f769b0d.ctex[39m[0m
[  78% ] [90m[1msavepack[22m | 保存文件：res://assets/wave8/yunv-awakened.svg.import[39m[0m
[  78% ] [90m[1msavepack[22m | 保存文件：res://.godot/imported/yunv.svg-bd58d0a9856a7296d02cc8cf581532bf.ctex[39m[0m
[  78% ] [90m[1msavepack[22m | 保存文件：res://assets/wave8/yunv.svg.import[39m[0m
[  78% ] [90m[1msavepack[22m | 保存文件：res://.godot/imported/zhiwu-awakened.svg-eb0d83ef54811b3a0a584b9f7b8ad688.ctex[39m[0m
[  78% ] [90m[1msavepack[22m | 保存文件：res://assets/wave8/zhiwu-awakened.svg.import[39m[0m
[  78% ] [90m[1msavepack[22m | 保存文件：res://.godot/imported/zhiwu.svg-97ad60bca832f094e687c02e91d2f154.ctex[39m[0m
[  78% ] [90m[1msavepack[22m | 保存文件：res://assets/wave8/zhiwu.svg.import[39m[0m
[  78% ] [90m[1msavepack[22m | 保存文件：res://.godot/imported/zhuiyueshen-shuiyue-awakened.svg-24cad3d94dd0dd0b499f8e6cb279fc27.ctex[39m[0m
[  78% ] [90m[1msavepack[22m | 保存文件：res://assets/wave8/zhuiyueshen-shuiyue-awakened.svg.import[39m[0m
[  78% ] [90m[1msavepack[22m | 保存文件：res://.godot/imported/zhuiyueshen-shuiyue.svg-beacb97ce7cee4a2cbae79b9357ca453.ctex[39m[0m
[  78% ] [90m[1msavepack[22m | 保存文件：res://assets/wave8/zhuiyueshen-shuiyue.svg.import[39m[0m
[  79% ] [90m[1msavepack[22m | 保存文件：res://.godot/imported/baizangzhu-lixin-awakened.svg-952ecb5a2c0fcdaa49690f6b071fa0ab.ctex[39m[0m
[  79% ] [90m[1msavepack[22m | 保存文件：res://assets/wave9/baizangzhu-lixin-awakened.svg.import[39m[0m
[  79% ] [90m[1msavepack[22m | 保存文件：res://.godot/imported/baizangzhu-lixin.svg-efbc979e09a94c67d81c3c67c1128671.ctex[39m[0m
[  79% ] [90m[1msavepack[22m | 保存文件：res://assets/wave9/baizangzhu-lixin.svg.import[39m[0m
[  79% ] [90m[1msavepack[22m | 保存文件：res://.godot/imported/chanxinyunwaijing-awakened.svg-c77f21bbfac19c76cd2973bd5b5530d3.ctex[39m[0m
[  79% ] [90m[1msavepack[22m | 保存文件：res://assets/wave9/chanxinyunwaijing-awakened.svg.import[39m[0m
[  79% ] [90m[1msavepack[22m | 保存文件：res://.godot/imported/chanxinyunwaijing.svg-500c49289e721cbceb657dc66eed36c8.ctex[39m[0m
[  79% ] [90m[1msavepack[22m | 保存文件：res://assets/wave9/chanxinyunwaijing.svg.import[39m[0m
[  79% ] [90m[1msavepack[22m | 保存文件：res://.godot/imported/chili-awakened.svg-bcae77d160f2471b4c9c7dcde58009c8.ctex[39m[0m
[  79% ] [90m[1msavepack[22m | 保存文件：res://assets/wave9/chili-awakened.svg.import[39m[0m
[  79% ] [90m[1msavepack[22m | 保存文件：res://.godot/imported/chili.svg-e634f9e3d33095f6db8ddf41d697b0b4.ctex[39m[0m
[  79% ] [90m[1msavepack[22m | 保存文件：res://assets/wave9/chili.svg.import[39m[0m
[  79% ] [90m[1msavepack[22m | 保存文件：res://.godot/imported/chulingshanfeng-awakened.svg-1c480b470aba5e327814ce372835072b.ctex[39m[0m
[  79% ] [90m[1msavepack[22m | 保存文件：res://assets/wave9/chulingshanfeng-awakened.svg.import[39m[0m
[  79% ] [90m[1msavepack[22m | 保存文件：res://.godot/imported/chulingshanfeng.svg-9417caf7d8d811287ebcae789483ff8e.ctex[39m[0m
[  79% ] [90m[1msavepack[22m | 保存文件：res://assets/wave9/chulingshanfeng.svg.import[39m[0m
[  79% ] [90m[1msavepack[22m | 保存文件：res://.godot/imported/daixiaoguhuoniao-awakened.svg-240def829c3605fdf211b628a5f1ef4b.ctex[39m[0m
[  79% ] [90m[1msavepack[22m | 保存文件：res://assets/wave9/daixiaoguhuoniao-awakened.svg.import[39m[0m
[  80% ] [90m[1msavepack[22m | 保存文件：res://.godot/imported/daixiaoguhuoniao.svg-fa00139fc330188b5183421ad27284b3.ctex[39m[0m
[  80% ] [90m[1msavepack[22m | 保存文件：res://assets/wave9/daixiaoguhuoniao.svg.import[39m[0m
[  80% ] [90m[1msavepack[22m | 保存文件：res://.godot/imported/dayueling-yuxin-awakened.svg-0d72e5c0e256d488b65a515cf79bc5e1.ctex[39m[0m
[  80% ] [90m[1msavepack[22m | 保存文件：res://assets/wave9/dayueling-yuxin-awakened.svg.import[39m[0m
[  80% ] [90m[1msavepack[22m | 保存文件：res://.godot/imported/dayueling-yuxin.svg-4d5a0eb051a42261df3d056fdbe84b23.ctex[39m[0m
[  80% ] [90m[1msavepack[22m | 保存文件：res://assets/wave9/dayueling-yuxin.svg.import[39m[0m
[  80% ] [90m[1msavepack[22m | 保存文件：res://.godot/imported/fenghuanghuo-jingyu-awakened.svg-e0712bacc1500d92f56cf8a4b70bce12.ctex[39m[0m
[  80% ] [90m[1msavepack[22m | 保存文件：res://assets/wave9/fenghuanghuo-jingyu-awakened.svg.import[39m[0m
[  80% ] [90m[1msavepack[22m | 保存文件：res://.godot/imported/fenghuanghuo-jingyu.svg-f4801ea5a7342d85acade3ce77dafbe2.ctex[39m[0m
[  80% ] [90m[1msavepack[22m | 保存文件：res://assets/wave9/fenghuanghuo-jingyu.svg.import[39m[0m
[  80% ] [90m[1msavepack[22m | 保存文件：res://.godot/imported/fengyangjun-awakened.svg-8373cf4d71b4e8d0e05f82d337cd2206.ctex[39m[0m
[  80% ] [90m[1msavepack[22m | 保存文件：res://assets/wave9/fengyangjun-awakened.svg.import[39m[0m
[  80% ] [90m[1msavepack[22m | 保存文件：res://.godot/imported/fengyangjun.svg-af2bb4589c6dab8a459c79c744436313.ctex[39m[0m
[  80% ] [90m[1msavepack[22m | 保存文件：res://assets/wave9/fengyangjun.svg.import[39m[0m
[  80% ] [90m[1msavepack[22m | 保存文件：res://.godot/imported/geluoduo-awakened.svg-1ca2d432d5debf0c880be4e85cabf478.ctex[39m[0m
[  80% ] [90m[1msavepack[22m | 保存文件：res://assets/wave9/geluoduo-awakened.svg.import[39m[0m
[  81% ] [90m[1msavepack[22m | 保存文件：res://.godot/imported/geluoduo.svg-998466b473f2bdc6c54e0c6952358194.ctex[39m[0m
[  81% ] [90m[1msavepack[22m | 保存文件：res://assets/wave9/geluoduo.svg.import[39m[0m
[  81% ] [90m[1msavepack[22m | 保存文件：res://.godot/imported/guijinyang-awakened.svg-44f048fb501eaa39bde36e58ec184543.ctex[39m[0m
[  81% ] [90m[1msavepack[22m | 保存文件：res://assets/wave9/guijinyang-awakened.svg.import[39m[0m
[  81% ] [90m[1msavepack[22m | 保存文件：res://.godot/imported/guijinyang.svg-4f0910713e49976c878a35ce79e82869.ctex[39m[0m
[  81% ] [90m[1msavepack[22m | 保存文件：res://assets/wave9/guijinyang.svg.import[39m[0m
[  81% ] [90m[1msavepack[22m | 保存文件：res://.godot/imported/huojinshen-awakened.svg-9f924043ce5349ee570dacdacefffb11.ctex[39m[0m
[  81% ] [90m[1msavepack[22m | 保存文件：res://assets/wave9/huojinshen-awakened.svg.import[39m[0m
[  81% ] [90m[1msavepack[22m | 保存文件：res://.godot/imported/huojinshen.svg-6fb7fef33fd703e19c89da9e797ceefe.ctex[39m[0m
[  81% ] [90m[1msavepack[22m | 保存文件：res://assets/wave9/huojinshen.svg.import[39m[0m
[  81% ] [90m[1msavepack[22m | 保存文件：res://.godot/imported/jieshen-suiyuan-awakened.svg-8e19b1c255a3fca86371e303e2f85db6.ctex[39m[0m
[  81% ] [90m[1msavepack[22m | 保存文件：res://assets/wave9/jieshen-suiyuan-awakened.svg.import[39m[0m
[  81% ] [90m[1msavepack[22m | 保存文件：res://.godot/imported/jieshen-suiyuan.svg-9d12aede422164953986ad8517b1c229.ctex[39m[0m
[  81% ] [90m[1msavepack[22m | 保存文件：res://assets/wave9/jieshen-suiyuan.svg.import[39m[0m
[  81% ] [90m[1msavepack[22m | 保存文件：res://.godot/imported/jintianyuzaoqian-awakened.svg-836ce9e42f83136e463e2f298bf943cf.ctex[39m[0m
[  81% ] [90m[1msavepack[22m | 保存文件：res://assets/wave9/jintianyuzaoqian-awakened.svg.import[39m[0m
[  81% ] [90m[1msavepack[22m | 保存文件：res://.godot/imported/jintianyuzaoqian.svg-bb35b911dd03db2e1ee9d53c1c90b14f.ctex[39m[0m
[  81% ] [90m[1msavepack[22m | 保存文件：res://assets/wave9/jintianyuzaoqian.svg.import[39m[0m
[  82% ] [90m[1msavepack[22m | 保存文件：res://.godot/imported/longche-awakened.svg-ea32c4d2a092964e791c792be95da834.ctex[39m[0m
[  82% ] [90m[1msavepack[22m | 保存文件：res://assets/wave9/longche-awakened.svg.import[39m[0m
[  82% ] [90m[1msavepack[22m | 保存文件：res://.godot/imported/longche.svg-84c10271933a620ea3a83b4429b0b881.ctex[39m[0m
[  82% ] [90m[1msavepack[22m | 保存文件：res://assets/wave9/longche.svg.import[39m[0m
[  82% ] [90m[1msavepack[22m | 保存文件：res://.godot/imported/longjue-awakened.svg-5863ec936fe6b50081f7096097f49041.ctex[39m[0m
[  82% ] [90m[1msavepack[22m | 保存文件：res://assets/wave9/longjue-awakened.svg.import[39m[0m
[  82% ] [90m[1msavepack[22m | 保存文件：res://.godot/imported/longjue.svg-8b4322f9acfe8fa1d04cb2322a1db9a4.ctex[39m[0m
[  82% ] [90m[1msavepack[22m | 保存文件：res://assets/wave9/longjue.svg.import[39m[0m
[  82% ] [90m[1msavepack[22m | 保存文件：res://.godot/imported/maozhanggui-huanyan-awakened.svg-3852d45e6062aeeb0fee0d32f1dcecb2.ctex[39m[0m
[  82% ] [90m[1msavepack[22m | 保存文件：res://assets/wave9/maozhanggui-huanyan-awakened.svg.import[39m[0m
[  82% ] [90m[1msavepack[22m | 保存文件：res://.godot/imported/maozhanggui-huanyan.svg-be2b0a95773975897fa1ca7699828233.ctex[39m[0m
[  82% ] [90m[1msavepack[22m | 保存文件：res://assets/wave9/maozhanggui-huanyan.svg.import[39m[0m
[  82% ] [90m[1msavepack[22m | 保存文件：res://.godot/imported/pinfashen-awakened.svg-da90d160d5ee6c61f99127661ba144cb.ctex[39m[0m
[  82% ] [90m[1msavepack[22m | 保存文件：res://assets/wave9/pinfashen-awakened.svg.import[39m[0m
[  82% ] [90m[1msavepack[22m | 保存文件：res://.godot/imported/pinfashen.svg-4c66827ade55dca3b216a2d1d91c1665.ctex[39m[0m
[  82% ] [90m[1msavepack[22m | 保存文件：res://assets/wave9/pinfashen.svg.import[39m[0m
[  83% ] [90m[1msavepack[22m | 保存文件：res://.godot/imported/shenqilou-awakened.svg-3f2021e09a9fd0e33d9a7af9d913e5ab.ctex[39m[0m
[  83% ] [90m[1msavepack[22m | 保存文件：res://assets/wave9/shenqilou-awakened.svg.import[39m[0m
[  83% ] [90m[1msavepack[22m | 保存文件：res://.godot/imported/shenqilou.svg-37e73937ad3b67e9e927e08d447fd2a7.ctex[39m[0m
[  83% ] [90m[1msavepack[22m | 保存文件：res://assets/wave9/shenqilou.svg.import[39m[0m
[  83% ] [90m[1msavepack[22m | 保存文件：res://.godot/imported/shuweng-zhixing-awakened.svg-adcf20ce13aecf978889d0c1350ebc4c.ctex[39m[0m
[  83% ] [90m[1msavepack[22m | 保存文件：res://assets/wave9/shuweng-zhixing-awakened.svg.import[39m[0m
[  83% ] [90m[1msavepack[22m | 保存文件：res://.godot/imported/shuweng-zhixing.svg-5afe2a137cd784f2c1b39f27afd601ea.ctex[39m[0m
[  83% ] [90m[1msavepack[22m | 保存文件：res://assets/wave9/shuweng-zhixing.svg.import[39m[0m
[  83% ] [90m[1msavepack[22m | 保存文件：res://.godot/imported/sibing-awakened.svg-823516b003e3b6536487db647380cd42.ctex[39m[0m
[  83% ] [90m[1msavepack[22m | 保存文件：res://assets/wave9/sibing-awakened.svg.import[39m[0m
[  83% ] [90m[1msavepack[22m | 保存文件：res://.godot/imported/sibing.svg-6ea692fa0dba2e3146b81d05757b06bb.ctex[39m[0m
[  83% ] [90m[1msavepack[22m | 保存文件：res://assets/wave9/sibing.svg.import[39m[0m
[  83% ] [90m[1msavepack[22m | 保存文件：res://.godot/imported/tieshu-haojia-awakened.svg-81fc89816495f9a6ae9988e81a7f8b47.ctex[39m[0m
[  83% ] [90m[1msavepack[22m | 保存文件：res://assets/wave9/tieshu-haojia-awakened.svg.import[39m[0m
[  83% ] [90m[1msavepack[22m | 保存文件：res://.godot/imported/tieshu-haojia.svg-60b84d62e5df7d4af61775d82bd82802.ctex[39m[0m
[  83% ] [90m[1msavepack[22m | 保存文件：res://assets/wave9/tieshu-haojia.svg.import[39m[0m
[  84% ] [90m[1msavepack[22m | 保存文件：res://.godot/imported/xixueji-xiyi-awakened.svg-12619137cb5bdb4a84dd170bd32dc078.ctex[39m[0m
[  84% ] [90m[1msavepack[22m | 保存文件：res://assets/wave9/xixueji-xiyi-awakened.svg.import[39m[0m
[  84% ] [90m[1msavepack[22m | 保存文件：res://.godot/imported/xixueji-xiyi.svg-5e4fe918ecfc40acd441008088c65227.ctex[39m[0m
[  84% ] [90m[1msavepack[22m | 保存文件：res://assets/wave9/xixueji-xiyi.svg.import[39m[0m
[  84% ] [90m[1msavepack[22m | 保存文件：res://.godot/imported/yatiangou-qiuye-awakened.svg-1cd5eb73bb0f783c7db1b4e77b364f1b.ctex[39m[0m
[  84% ] [90m[1msavepack[22m | 保存文件：res://assets/wave9/yatiangou-qiuye-awakened.svg.import[39m[0m
[  84% ] [90m[1msavepack[22m | 保存文件：res://.godot/imported/yatiangou-qiuye.svg-796bbd90130338897428484fcb4cd9c8.ctex[39m[0m
[  84% ] [90m[1msavepack[22m | 保存文件：res://assets/wave9/yatiangou-qiuye.svg.import[39m[0m
[  84% ] [90m[1msavepack[22m | 保存文件：res://.godot/imported/yijin-qianxun-awakened.svg-b0f8cf4d81f6191e8be3a72798359e89.ctex[39m[0m
[  84% ] [90m[1msavepack[22m | 保存文件：res://assets/wave9/yijin-qianxun-awakened.svg.import[39m[0m
[  84% ] [90m[1msavepack[22m | 保存文件：res://.godot/imported/yijin-qianxun.svg-10300322168167fcaf041dff71d9f84f.ctex[39m[0m
[  84% ] [90m[1msavepack[22m | 保存文件：res://assets/wave9/yijin-qianxun.svg.import[39m[0m
[  84% ] [90m[1msavepack[22m | 保存文件：res://.godot/imported/yinfanhuiyeji-awakened.svg-d56a41dc847149efa0aed8be4a482d28.ctex[39m[0m
[  84% ] [90m[1msavepack[22m | 保存文件：res://assets/wave9/yinfanhuiyeji-awakened.svg.import[39m[0m
[  84% ] [90m[1msavepack[22m | 保存文件：res://.godot/imported/yinfanhuiyeji.svg-e5f514a37704e2b9cf0747fe401c0590.ctex[39m[0m
[  84% ] [90m[1msavepack[22m | 保存文件：res://assets/wave9/yinfanhuiyeji.svg.import[39m[0m
[  84% ] [90m[1msavepack[22m | 保存文件：res://.godot/imported/yinghuayao-lijing-awakened.svg-e8ad7017a0c127137897ce2990f8d895.ctex[39m[0m
[  84% ] [90m[1msavepack[22m | 保存文件：res://assets/wave9/yinghuayao-lijing-awakened.svg.import[39m[0m
[  85% ] [90m[1msavepack[22m | 保存文件：res://.godot/imported/yinghuayao-lijing.svg-ae3448178df9b211d3d45e766d0de399.ctex[39m[0m
[  85% ] [90m[1msavepack[22m | 保存文件：res://assets/wave9/yinghuayao-lijing.svg.import[39m[0m
[  85% ] [90m[1msavepack[22m | 保存文件：res://.godot/imported/zhaocaimao-awakened.svg-82e110f7342d47b9274ce16014c4bfc9.ctex[39m[0m
[  85% ] [90m[1msavepack[22m | 保存文件：res://assets/wave9/zhaocaimao-awakened.svg.import[39m[0m
[  85% ] [90m[1msavepack[22m | 保存文件：res://.godot/imported/zhaocaimao.svg-a73a0b509f045a9f333c49eebb98e7ad.ctex[39m[0m
[  85% ] [90m[1msavepack[22m | 保存文件：res://assets/wave9/zhaocaimao.svg.import[39m[0m
[  85% ] [90m[1msavepack[22m | 保存文件：res://.godot/imported/nezuko-awakened.svg-2730edfa54590ec627b2791a7ef2e5bd.ctex[39m[0m
[  85% ] [90m[1msavepack[22m | 保存文件：res://assets/wave10/nezuko-awakened.svg.import[39m[0m
[  85% ] [90m[1msavepack[22m | 保存文件：res://.godot/imported/nezuko.svg-356a2481a61b68ffa103b0091a9b0ba2.ctex[39m[0m
[  85% ] [90m[1msavepack[22m | 保存文件：res://assets/wave10/nezuko.svg.import[39m[0m
[  85% ] [90m[1msavepack[22m | 保存文件：res://.godot/imported/tanjirou-awakened.svg-3b15592a7ef19ef8a06ac2d74222c27c.ctex[39m[0m
[  85% ] [90m[1msavepack[22m | 保存文件：res://assets/wave10/tanjirou-awakened.svg.import[39m[0m
[  85% ] [90m[1msavepack[22m | 保存文件：res://.godot/imported/tanjirou.svg-dd04a4ced69dba3843c86989b313f624.ctex[39m[0m
[  85% ] [90m[1msavepack[22m | 保存文件：res://assets/wave10/tanjirou.svg.import[39m[0m
[  85% ] [90m[1msavepack[22m | 保存文件：res://.godot/imported/bingqiang-awakened.svg-808429adacbdce9eb0b78577c732d1d9.ctex[39m[0m
[  85% ] [90m[1msavepack[22m | 保存文件：res://assets/wave11/bingqiang-awakened.svg.import[39m[0m
[  86% ] [90m[1msavepack[22m | 保存文件：res://.godot/imported/bingqiang.svg-dd44bf548857e27578c21b19f2a44b07.ctex[39m[0m
[  86% ] [90m[1msavepack[22m | 保存文件：res://assets/wave11/bingqiang.svg.import[39m[0m
[  86% ] [90m[1msavepack[22m | 保存文件：res://.godot/imported/fanqie-awakened.svg-88b77cd90056b0876a389605a9dc47a8.ctex[39m[0m
[  86% ] [90m[1msavepack[22m | 保存文件：res://assets/wave11/fanqie-awakened.svg.import[39m[0m
[  86% ] [90m[1msavepack[22m | 保存文件：res://.godot/imported/fanqie.svg-a845e7b2daece295d9dec8a9700372e4.ctex[39m[0m
[  86% ] [90m[1msavepack[22m | 保存文件：res://assets/wave11/fanqie.svg.import[39m[0m
[  86% ] [90m[1msavepack[22m | 保存文件：res://.godot/imported/huangjinyu-ling-awakened.svg-04a1aabcb00309c43712d5eeeffc03e3.ctex[39m[0m
[  86% ] [90m[1msavepack[22m | 保存文件：res://assets/wave11/huangjinyu-ling-awakened.svg.import[39m[0m
[  86% ] [90m[1msavepack[22m | 保存文件：res://.godot/imported/huangjinyu-ling.svg-adcdde4d014b0fea0abf4dcb14643fd6.ctex[39m[0m
[  86% ] [90m[1msavepack[22m | 保存文件：res://assets/wave11/huangjinyu-ling.svg.import[39m[0m
[  86% ] [90m[1msavepack[22m | 保存文件：res://.godot/imported/jinran-buye-awakened.svg-fad3ea07d9801de06edb965139e54afa.ctex[39m[0m
[  86% ] [90m[1msavepack[22m | 保存文件：res://assets/wave11/jinran-buye-awakened.svg.import[39m[0m
[  86% ] [90m[1msavepack[22m | 保存文件：res://.godot/imported/jinran-buye.svg-852e13730a3ccf6618b22b38d693af10.ctex[39m[0m
[  86% ] [90m[1msavepack[22m | 保存文件：res://assets/wave11/jinran-buye.svg.import[39m[0m
[  86% ] [90m[1msavepack[22m | 保存文件：res://.godot/imported/mingdeng-shou-awakened.svg-8f53b84bab549cea4fa3c89cbf7cc074.ctex[39m[0m
[  86% ] [90m[1msavepack[22m | 保存文件：res://assets/wave11/mingdeng-shou-awakened.svg.import[39m[0m
[  86% ] [90m[1msavepack[22m | 保存文件：res://.godot/imported/mingdeng-shou.svg-5bdf870fd0533ad11200cf8ac2fd27fe.ctex[39m[0m
[  86% ] [90m[1msavepack[22m | 保存文件：res://assets/wave11/mingdeng-shou.svg.import[39m[0m
[  87% ] [90m[1msavepack[22m | 保存文件：res://.godot/imported/shouhu-ling-awakened.svg-c7b835b42a5ba0554ee51c5e86e5ebc9.ctex[39m[0m
[  87% ] [90m[1msavepack[22m | 保存文件：res://assets/wave11/shouhu-ling-awakened.svg.import[39m[0m
[  87% ] [90m[1msavepack[22m | 保存文件：res://.godot/imported/shouhu-ling.svg-c1d42df0a62ffc4b9f4e6aaa95fcf87c.ctex[39m[0m
[  87% ] [90m[1msavepack[22m | 保存文件：res://assets/wave11/shouhu-ling.svg.import[39m[0m
[  87% ] [90m[1msavepack[22m | 保存文件：res://.godot/imported/xinmo-awakened.svg-cb01dc79a52b41acf42cf87396261b6b.ctex[39m[0m
[  87% ] [90m[1msavepack[22m | 保存文件：res://assets/wave11/xinmo-awakened.svg.import[39m[0m
[  87% ] [90m[1msavepack[22m | 保存文件：res://.godot/imported/xinmo.svg-9ce814ce0e8e29d6d44702d8e4c69dd3.ctex[39m[0m
[  87% ] [90m[1msavepack[22m | 保存文件：res://assets/wave11/xinmo.svg.import[39m[0m
[  87% ] [90m[1msavepack[22m | 保存文件：res://.godot/imported/xueqiu-jingling-awakened.svg-4f3283fde7bd9a9d9f8819046e572078.ctex[39m[0m
[  87% ] [90m[1msavepack[22m | 保存文件：res://assets/wave11/xueqiu-jingling-awakened.svg.import[39m[0m
[  87% ] [90m[1msavepack[22m | 保存文件：res://.godot/imported/xueqiu-jingling.svg-7ecb9f66472ca7f32d36e1fd70973a5d.ctex[39m[0m
[  87% ] [90m[1msavepack[22m | 保存文件：res://assets/wave11/xueqiu-jingling.svg.import[39m[0m
[  87% ] [90m[1msavepack[22m | 保存文件：res://.godot/imported/yanyanluo-fenshen-awakened.svg-74e152b517a6b78ff9dd850f823e491a.ctex[39m[0m
[  87% ] [90m[1msavepack[22m | 保存文件：res://assets/wave11/yanyanluo-fenshen-awakened.svg.import[39m[0m
[  87% ] [90m[1msavepack[22m | 保存文件：res://.godot/imported/yanyanluo-fenshen.svg-11033ff59b55cc6d7340969e8f22e872.ctex[39m[0m
[  87% ] [90m[1msavepack[22m | 保存文件：res://assets/wave11/yanyanluo-fenshen.svg.import[39m[0m
[  88% ] [90m[1msavepack[22m | 保存文件：res://.godot/imported/zhiren-awakened.svg-cfed0818278a7f1539abe0e248caa9c5.ctex[39m[0m
[  88% ] [90m[1msavepack[22m | 保存文件：res://assets/wave11/zhiren-awakened.svg.import[39m[0m
[  88% ] [90m[1msavepack[22m | 保存文件：res://.godot/imported/zhiren.svg-6ac1ff09f90b922196b47155341939e0.ctex[39m[0m
[  88% ] [90m[1msavepack[22m | 保存文件：res://assets/wave11/zhiren.svg.import[39m[0m
[  88% ] [90m[1msavepack[22m | 保存文件：res://.godot/imported/jinguang-awakened.svg-a06c68d668edff61b6639cc67f8e9a6e.ctex[39m[0m
[  88% ] [90m[1msavepack[22m | 保存文件：res://assets/wave12/jinguang-awakened.svg.import[39m[0m
[  88% ] [90m[1msavepack[22m | 保存文件：res://.godot/imported/jinguang.svg-e3785823c44c463d598848e2538d80b0.ctex[39m[0m
[  88% ] [90m[1msavepack[22m | 保存文件：res://assets/wave12/jinguang.svg.import[39m[0m
[  88% ] [90m[1msavepack[22m | 保存文件：res://.godot/imported/leiyin-awakened.svg-2aa9aad08858706a06ab2a3ce2aeeb6e.ctex[39m[0m
[  88% ] [90m[1msavepack[22m | 保存文件：res://assets/wave12/leiyin-awakened.svg.import[39m[0m
[  88% ] [90m[1msavepack[22m | 保存文件：res://.godot/imported/leiyin.svg-d9e9a998d062d1fe6b3d6695f78cdf37.ctex[39m[0m
[  88% ] [90m[1msavepack[22m | 保存文件：res://assets/wave12/leiyin.svg.import[39m[0m
[  88% ] [90m[1msavepack[22m | 保存文件：res://.godot/imported/momo-awakened.svg-6ce65db3811d9c75d15a94b2284517ea.ctex[39m[0m
[  88% ] [90m[1msavepack[22m | 保存文件：res://assets/wave12/momo-awakened.svg.import[39m[0m
[  88% ] [90m[1msavepack[22m | 保存文件：res://.godot/imported/momo.svg-0959b274d2a033e44524f02a336fcaca.ctex[39m[0m
[  88% ] [90m[1msavepack[22m | 保存文件：res://assets/wave12/momo.svg.import[39m[0m
[  89% ] [90m[1msavepack[22m | 保存文件：res://.godot/imported/shizhu-awakened.svg-321c7c3cca1efeb1aee2a2c1d3cc8821.ctex[39m[0m
[  89% ] [90m[1msavepack[22m | 保存文件：res://assets/wave12/shizhu-awakened.svg.import[39m[0m
[  89% ] [90m[1msavepack[22m | 保存文件：res://.godot/imported/shizhu.svg-51cee02983e3b89c9db6d134ddc4e1f2.ctex[39m[0m
[  89% ] [90m[1msavepack[22m | 保存文件：res://assets/wave12/shizhu.svg.import[39m[0m
[  89% ] [90m[1msavepack[22m | 保存文件：res://.godot/imported/shuimo-awakened.svg-0cd81737da724c635ae669518c46a56b.ctex[39m[0m
[  89% ] [90m[1msavepack[22m | 保存文件：res://assets/wave12/shuimo-awakened.svg.import[39m[0m
[  89% ] [90m[1msavepack[22m | 保存文件：res://.godot/imported/shuimo.svg-254993b91921203c7bfdd0ea1be07198.ctex[39m[0m
[  89% ] [90m[1msavepack[22m | 保存文件：res://assets/wave12/shuimo.svg.import[39m[0m
[  89% ] [90m[1msavepack[22m | 保存文件：res://.godot/imported/xingchen-awakened.svg-9ce1b3d0ff667fe879b616457e1b0504.ctex[39m[0m
[  89% ] [90m[1msavepack[22m | 保存文件：res://assets/wave12/xingchen-awakened.svg.import[39m[0m
[  89% ] [90m[1msavepack[22m | 保存文件：res://.godot/imported/xingchen.svg-21a91a474aea078f6b81c6f2d91b9868.ctex[39m[0m
[  89% ] [90m[1msavepack[22m | 保存文件：res://assets/wave12/xingchen.svg.import[39m[0m
[  89% ] [90m[1msavepack[22m | 保存文件：res://.godot/imported/yanling-huo-awakened.svg-584353a57d8fd74d378acc1293e77e1b.ctex[39m[0m
[  89% ] [90m[1msavepack[22m | 保存文件：res://assets/wave12/yanling-huo-awakened.svg.import[39m[0m
[  89% ] [90m[1msavepack[22m | 保存文件：res://.godot/imported/yanling-huo.svg-2f263c3459b2ba37e5c184471edf5748.ctex[39m[0m
[  89% ] [90m[1msavepack[22m | 保存文件：res://assets/wave12/yanling-huo.svg.import[39m[0m
[  89% ] [90m[1msavepack[22m | 保存文件：res://.godot/imported/yueying-awakened.svg-0e984cba6bfeac736eeb1036e942ba4a.ctex[39m[0m
[  89% ] [90m[1msavepack[22m | 保存文件：res://assets/wave12/yueying-awakened.svg.import[39m[0m
[  90% ] [90m[1msavepack[22m | 保存文件：res://.godot/imported/yueying.svg-e88a64a357ce184b7d5df6f2d2085ae8.ctex[39m[0m
[  90% ] [90m[1msavepack[22m | 保存文件：res://assets/wave12/yueying.svg.import[39m[0m
[  90% ] [90m[1msavepack[22m | 保存文件：res://.godot/imported/baize-yuanqi-awakened.svg-a8bc422b7ce1c5c3c62be7aec5b79a0c.ctex[39m[0m
[  90% ] [90m[1msavepack[22m | 保存文件：res://assets/wave13/baize-yuanqi-awakened.svg.import[39m[0m
[  90% ] [90m[1msavepack[22m | 保存文件：res://.godot/imported/baize-yuanqi.svg-82ff10f07574865abb21c8fef51a6bc5.ctex[39m[0m
[  90% ] [90m[1msavepack[22m | 保存文件：res://assets/wave13/baize-yuanqi.svg.import[39m[0m
[  90% ] [90m[1msavepack[22m | 保存文件：res://.godot/imported/luohou-awakened.svg-ab60147293b476e21408da6fc3fcc851.ctex[39m[0m
[  90% ] [90m[1msavepack[22m | 保存文件：res://assets/wave13/luohou-awakened.svg.import[39m[0m
[  90% ] [90m[1msavepack[22m | 保存文件：res://.godot/imported/luohou.svg-93c3915a704c0f4b73b7d1b557247cc2.ctex[39m[0m
[  90% ] [90m[1msavepack[22m | 保存文件：res://assets/wave13/luohou.svg.import[39m[0m
[  90% ] [90m[1msavepack[22m | 保存文件：res://.godot/imported/shenqi-huang-awakened.svg-a85862f761d41c30b16f931aae12002e.ctex[39m[0m
[  90% ] [90m[1msavepack[22m | 保存文件：res://assets/wave13/shenqi-huang-awakened.svg.import[39m[0m
[  90% ] [90m[1msavepack[22m | 保存文件：res://.godot/imported/shenqi-huang.svg-71b4af4d9b4a104610a39d0dcfdb9f6a.ctex[39m[0m
[  90% ] [90m[1msavepack[22m | 保存文件：res://assets/wave13/shenqi-huang.svg.import[39m[0m
[  90% ] [90m[1msavepack[22m | 保存文件：res://.godot/imported/shiyao-longyechaji-awakened.svg-e4bdfeca1cb218f5c265cb8c18a4d1ea.ctex[39m[0m
[  90% ] [90m[1msavepack[22m | 保存文件：res://assets/wave13/shiyao-longyechaji-awakened.svg.import[39m[0m
[  91% ] [90m[1msavepack[22m | 保存文件：res://.godot/imported/shiyao-longyechaji.svg-8809f333d282b78a37c949ac9d4bd9d1.ctex[39m[0m
[  91% ] [90m[1msavepack[22m | 保存文件：res://assets/wave13/shiyao-longyechaji.svg.import[39m[0m
[  91% ] [90m[1msavepack[22m | 保存文件：res://.godot/imported/xuan-awakened.svg-c994cee9ed3a4efdf693949782196d84.ctex[39m[0m
[  91% ] [90m[1msavepack[22m | 保存文件：res://assets/wave13/xuan-awakened.svg.import[39m[0m
[  91% ] [90m[1msavepack[22m | 保存文件：res://.godot/imported/xuan.svg-2f1c5895bbb12210a1d71774da7d8f2d.ctex[39m[0m
[  91% ] [90m[1msavepack[22m | 保存文件：res://assets/wave13/xuan.svg.import[39m[0m
[  91% ] [90m[1msavepack[22m | 保存文件：res://.godot/imported/yuyuan-banruo-awakened.svg-0da017803ed02b4bf38f8ea60c076c86.ctex[39m[0m
[  91% ] [90m[1msavepack[22m | 保存文件：res://assets/wave13/yuyuan-banruo-awakened.svg.import[39m[0m
[  91% ] [90m[1msavepack[22m | 保存文件：res://.godot/imported/yuyuan-banruo.svg-28ca1f11870a6a0de3dc9d65e76f0b7e.ctex[39m[0m
[  91% ] [90m[1msavepack[22m | 保存文件：res://assets/wave13/yuyuan-banruo.svg.import[39m[0m
[  91% ] [90m[1msavepack[22m | 保存文件：res://.godot/imported/basalt-awakened.svg-b0fe682336a4ecc62ab9169e1b132674.ctex[39m[0m
[  91% ] [90m[1msavepack[22m | 保存文件：res://assets/basalt-awakened.svg.import[39m[0m
[  91% ] [90m[1msavepack[22m | 保存文件：res://.godot/imported/basalt.svg-c72f3308214d8081bbc5b5a5c0417479.ctex[39m[0m
[  91% ] [90m[1msavepack[22m | 保存文件：res://assets/basalt.svg.import[39m[0m
[  91% ] [90m[1msavepack[22m | 保存文件：res://.godot/imported/card-back.svg-b60cc33bd6e336c6bd959d2206d91fb1.ctex[39m[0m
[  91% ] [90m[1msavepack[22m | 保存文件：res://assets/card-back.svg.import[39m[0m
[  91% ] [90m[1msavepack[22m | 保存文件：res://.godot/imported/ember-awakened.svg-82f6a3c94e59307b0fd1a4c5f5c20898.ctex[39m[0m
[  91% ] [90m[1msavepack[22m | 保存文件：res://assets/ember-awakened.svg.import[39m[0m
[  92% ] [90m[1msavepack[22m | 保存文件：res://.godot/imported/ember.svg-acad0f2e9fef6dc30ec7b3b3b66b2556.ctex[39m[0m
[  92% ] [90m[1msavepack[22m | 保存文件：res://assets/ember.svg.import[39m[0m
[  92% ] [90m[1msavepack[22m | 保存文件：res://.godot/imported/favicon.svg-f228e7ce6fb7937306dd3bb0d4157065.ctex[39m[0m
[  92% ] [90m[1msavepack[22m | 保存文件：res://assets/favicon.svg.import[39m[0m
[  92% ] [90m[1msavepack[22m | 保存文件：res://.godot/imported/frostblade-awakened.svg-76c23b1f45affda983582ffd8eccd336.ctex[39m[0m
[  92% ] [90m[1msavepack[22m | 保存文件：res://assets/frostblade-awakened.svg.import[39m[0m
[  92% ] [90m[1msavepack[22m | 保存文件：res://.godot/imported/frostblade.svg-1ff1e4d291225b312dfc67426dd989a0.ctex[39m[0m
[  92% ] [90m[1msavepack[22m | 保存文件：res://assets/frostblade.svg.import[39m[0m
[  92% ] [90m[1msavepack[22m | 保存文件：res://.godot/imported/ink-awakened.svg-635743496defb677789728cabfd27e45.ctex[39m[0m
[  92% ] [90m[1msavepack[22m | 保存文件：res://assets/ink-awakened.svg.import[39m[0m
[  92% ] [90m[1msavepack[22m | 保存文件：res://.godot/imported/ink.svg-bc38f2bcf6391a433c194cc7778502fb.ctex[39m[0m
[  92% ] [90m[1msavepack[22m | 保存文件：res://assets/ink.svg.import[39m[0m
[  92% ] [90m[1msavepack[22m | 保存文件：res://.godot/imported/kongo-awakened.svg-aa07c63b1adf3f0ab3176e15abe707ca.ctex[39m[0m
[  92% ] [90m[1msavepack[22m | 保存文件：res://assets/kongo-awakened.svg.import[39m[0m
[  92% ] [90m[1msavepack[22m | 保存文件：res://.godot/imported/kongo.svg-73e5e293d21dc593f1b037164b8579ce.ctex[39m[0m
[  92% ] [90m[1msavepack[22m | 保存文件：res://assets/kongo.svg.import[39m[0m
[  93% ] [90m[1msavepack[22m | 保存文件：res://.godot/imported/lumen-awakened.svg-5152bbccaf19d79593a364d2d5e20714.ctex[39m[0m
[  93% ] [90m[1msavepack[22m | 保存文件：res://assets/lumen-awakened.svg.import[39m[0m
[  93% ] [90m[1msavepack[22m | 保存文件：res://.godot/imported/lumen.svg-0151a829645aa2b48bd247fe51eeeb63.ctex[39m[0m
[  93% ] [90m[1msavepack[22m | 保存文件：res://assets/lumen.svg.import[39m[0m
[  93% ] [90m[1msavepack[22m | 保存文件：res://.godot/imported/rime-awakened.svg-8f464be46e5e3b403dcb177c6f00068a.ctex[39m[0m
[  93% ] [90m[1msavepack[22m | 保存文件：res://assets/rime-awakened.svg.import[39m[0m
[  93% ] [90m[1msavepack[22m | 保存文件：res://.godot/imported/rime.svg-2cd02d2a584ad271337318209e945932.ctex[39m[0m
[  93% ] [90m[1msavepack[22m | 保存文件：res://assets/rime.svg.import[39m[0m
[  93% ] [90m[1msavepack[22m | 保存文件：res://.godot/imported/storm-awakened.svg-cf1c1721b515f1926094b82368ac97f3.ctex[39m[0m
[  93% ] [90m[1msavepack[22m | 保存文件：res://assets/storm-awakened.svg.import[39m[0m
[  93% ] [90m[1msavepack[22m | 保存文件：res://.godot/imported/storm.svg-874d24fec2a9f203604bb1621142421b.ctex[39m[0m
[  93% ] [90m[1msavepack[22m | 保存文件：res://assets/storm.svg.import[39m[0m
[  93% ] [90m[1msavepack[22m | 保存文件：res://content/content.json[39m[0m
[  93% ] [90m[1msavepack[22m | 保存文件：res://content/verified_rules.json[39m[0m
[  94% ] [90m[1msavepack[22m | 保存文件：res://.godot/exported/133200997/export-d05c42cb8fa14c775531fe94d95302c2-battle.scn[39m[0m
[  94% ] [90m[1msavepack[22m | 保存文件：res://.godot/exported/133200997/export-ea5c6ad4629af728dc514cefde332394-main_menu.scn[39m[0m
[  94% ] [90m[1msavepack[22m | 保存文件：res://scripts/ui/battle_aim.gdc[39m[0m
[  94% ] [90m[1msavepack[22m | 保存文件：res://scripts/ui/battle_drop_zone.gdc[39m[0m
[  94% ] [90m[1msavepack[22m | 保存文件：res://scripts/ui/battle_effect_cues.gdc[39m[0m
[  94% ] [90m[1msavepack[22m | 保存文件：res://scripts/ui/battle_screen.gdc[39m[0m
[  94% ] [90m[1msavepack[22m | 保存文件：res://scripts/ui/battle_spell_effect.gdc[39m[0m
[  94% ] [90m[1msavepack[22m | 保存文件：res://scripts/ui/card_face.gdc[39m[0m
[  94% ] [90m[1msavepack[22m | 保存文件：res://scripts/ui/card_hit_area.gdc[39m[0m
[  95% ] [90m[1msavepack[22m | 保存文件：res://scripts/ui/codex_screen.gdc[39m[0m
[  95% ] [90m[1msavepack[22m | 保存文件：res://scripts/ui/collection_screen.gdc[39m[0m
[  95% ] [90m[1msavepack[22m | 保存文件：res://scripts/ui/deck_builder.gdc[39m[0m
[  95% ] [90m[1msavepack[22m | 保存文件：res://scripts/ui/formation_screen.gdc[39m[0m
[  95% ] [90m[1msavepack[22m | 保存文件：res://scripts/ui/hand_fan.gdc[39m[0m
[  95% ] [90m[1msavepack[22m | 保存文件：res://scripts/ui/keyword_glossary.gdc[39m[0m
[  95% ] [90m[1msavepack[22m | 保存文件：res://scripts/ui/main.gdc[39m[0m
[  95% ] [90m[1msavepack[22m | 保存文件：res://scripts/ui/main_menu.gdc[39m[0m
[  96% ] [90m[1msavepack[22m | 保存文件：res://scripts/ui/modal_layer.gdc[39m[0m
[  96% ] [90m[1msavepack[22m | 保存文件：res://scripts/ui/paper_scroll.gdc[39m[0m
[  96% ] [90m[1msavepack[22m | 保存文件：res://scripts/ui/portrait_library.gdc[39m[0m
[  96% ] [90m[1msavepack[22m | 保存文件：res://scripts/ui/result_screen.gdc[39m[0m
[  96% ] [90m[1msavepack[22m | 保存文件：res://scripts/ui/reveal_fan.gdc[39m[0m
[  96% ] [90m[1msavepack[22m | 保存文件：res://scripts/ui/scene_backdrop.gdc[39m[0m
[  96% ] [90m[1msavepack[22m | 保存文件：res://scripts/ui/sfx.gdc[39m[0m
[  96% ] [90m[1msavepack[22m | 保存文件：res://scripts/ui/theme_builder.gdc[39m[0m
[  96% ] [90m[1msavepack[22m | 保存文件：res://scripts/ui/ui_widgets.gdc[39m[0m
[  97% ] [90m[1msavepack[22m | 保存文件：res://scripts/armor_break_rules.gdc[39m[0m
[  97% ] [90m[1msavepack[22m | 保存文件：res://scripts/verify.gdc[39m[0m
[  97% ] [90m[1msavepack[22m | 保存文件：res://scripts/save_store.gdc[39m[0m
[  97% ] [90m[1msavepack[22m | 保存文件：res://scripts/spell_replay_rules.gdc[39m[0m
[  97% ] [90m[1msavepack[22m | 保存文件：res://scripts/verified_card_rules.gdc[39m[0m
[  97% ] [90m[1msavepack[22m | 保存文件：res://scripts/collection_store.gdc[39m[0m
[  97% ] [90m[1msavepack[22m | 保存文件：res://scripts/content_loader.gdc[39m[0m
[  97% ] [90m[1msavepack[22m | 保存文件：res://scripts/countdown_rules.gdc[39m[0m
[  98% ] [90m[1msavepack[22m | 保存文件：res://scripts/debug_battle.gdc[39m[0m
[  98% ] [90m[1msavepack[22m | 保存文件：res://scripts/firefly_rules.gdc[39m[0m
[  98% ] [90m[1msavepack[22m | 保存文件：res://scripts/form_countdown_rules.gdc[39m[0m
[  98% ] [90m[1msavepack[22m | 保存文件：res://scripts/game_ai.gdc[39m[0m
[  98% ] [90m[1msavepack[22m | 保存文件：res://scripts/game_state.gdc[39m[0m
[  98% ] [90m[1msavepack[22m | 保存文件：res://scripts/parity_run.gdc[39m[0m
[  98% ] [90m[1msavepack[22m | 保存文件：res://scripts/peach_rules.gdc[39m[0m
[  98% ] [90m[1msavepack[22m | 保存文件：res://scripts/phoenix_rules.gdc[39m[0m
[  98% ] [90m[1msavepack[22m | 保存文件：res://scenes/battle.tscn.remap[39m[0m
[  98% ] [90m[1msavepack[22m | 保存文件：res://scenes/main_menu.tscn.remap[39m[0m
[  98% ] [90m[1msavepack[22m | 保存文件：res://scripts/ui/battle_aim.gd.remap[39m[0m
[  98% ] [90m[1msavepack[22m | 保存文件：res://scripts/ui/battle_drop_zone.gd.remap[39m[0m
[  98% ] [90m[1msavepack[22m | 保存文件：res://scripts/ui/battle_effect_cues.gd.remap[39m[0m
[  98% ] [90m[1msavepack[22m | 保存文件：res://scripts/ui/battle_screen.gd.remap[39m[0m
[  98% ] [90m[1msavepack[22m | 保存文件：res://scripts/ui/battle_spell_effect.gd.remap[39m[0m
[  98% ] [90m[1msavepack[22m | 保存文件：res://scripts/ui/card_face.gd.remap[39m[0m
[  98% ] [90m[1msavepack[22m | 保存文件：res://scripts/ui/card_hit_area.gd.remap[39m[0m
[  98% ] [90m[1msavepack[22m | 保存文件：res://scripts/ui/codex_screen.gd.remap[39m[0m
[  98% ] [90m[1msavepack[22m | 保存文件：res://scripts/ui/collection_screen.gd.remap[39m[0m
[  98% ] [90m[1msavepack[22m | 保存文件：res://scripts/ui/deck_builder.gd.remap[39m[0m
[  98% ] [90m[1msavepack[22m | 保存文件：res://scripts/ui/formation_screen.gd.remap[39m[0m
[  98% ] [90m[1msavepack[22m | 保存文件：res://scripts/ui/hand_fan.gd.remap[39m[0m
[  98% ] [90m[1msavepack[22m | 保存文件：res://scripts/ui/keyword_glossary.gd.remap[39m[0m
[  98% ] [90m[1msavepack[22m | 保存文件：res://scripts/ui/main.gd.remap[39m[0m
[  98% ] [90m[1msavepack[22m | 保存文件：res://scripts/ui/main_menu.gd.remap[39m[0m
[  98% ] [90m[1msavepack[22m | 保存文件：res://scripts/ui/modal_layer.gd.remap[39m[0m
[  98% ] [90m[1msavepack[22m | 保存文件：res://scripts/ui/paper_scroll.gd.remap[39m[0m
[  98% ] [90m[1msavepack[22m | 保存文件：res://scripts/ui/portrait_library.gd.remap[39m[0m
[  98% ] [90m[1msavepack[22m | 保存文件：res://scripts/ui/result_screen.gd.remap[39m[0m
[  98% ] [90m[1msavepack[22m | 保存文件：res://scripts/ui/reveal_fan.gd.remap[39m[0m
[  98% ] [90m[1msavepack[22m | 保存文件：res://scripts/ui/scene_backdrop.gd.remap[39m[0m
[  98% ] [90m[1msavepack[22m | 保存文件：res://scripts/ui/sfx.gd.remap[39m[0m
[  98% ] [90m[1msavepack[22m | 保存文件：res://scripts/ui/theme_builder.gd.remap[39m[0m
[  98% ] [90m[1msavepack[22m | 保存文件：res://scripts/ui/ui_widgets.gd.remap[39m[0m
[  98% ] [90m[1msavepack[22m | 保存文件：res://scripts/armor_break_rules.gd.remap[39m[0m
[  98% ] [90m[1msavepack[22m | 保存文件：res://scripts/verify.gd.remap[39m[0m
[  98% ] [90m[1msavepack[22m | 保存文件：res://scripts/save_store.gd.remap[39m[0m
[  98% ] [90m[1msavepack[22m | 保存文件：res://scripts/spell_replay_rules.gd.remap[39m[0m
[  98% ] [90m[1msavepack[22m | 保存文件：res://scripts/verified_card_rules.gd.remap[39m[0m
[  98% ] [90m[1msavepack[22m | 保存文件：res://scripts/collection_store.gd.remap[39m[0m
[  98% ] [90m[1msavepack[22m | 保存文件：res://scripts/content_loader.gd.remap[39m[0m
[  98% ] [90m[1msavepack[22m | 保存文件：res://scripts/countdown_rules.gd.remap[39m[0m
[  98% ] [90m[1msavepack[22m | 保存文件：res://scripts/debug_battle.gd.remap[39m[0m
[  98% ] [90m[1msavepack[22m | 保存文件：res://scripts/firefly_rules.gd.remap[39m[0m
[  98% ] [90m[1msavepack[22m | 保存文件：res://scripts/form_countdown_rules.gd.remap[39m[0m
[  98% ] [90m[1msavepack[22m | 保存文件：res://scripts/game_ai.gd.remap[39m[0m
[  98% ] [90m[1msavepack[22m | 保存文件：res://scripts/game_state.gd.remap[39m[0m
[  98% ] [90m[1msavepack[22m | 保存文件：res://scripts/parity_run.gd.remap[39m[0m
[  98% ] [90m[1msavepack[22m | 保存文件：res://scripts/peach_rules.gd.remap[39m[0m
[  98% ] [90m[1msavepack[22m | 保存文件：res://scripts/phoenix_rules.gd.remap[39m[0m
[  98% ] [90m[1msavepack[22m | 保存文件：res://.godot/global_script_class_cache.cfg[39m[0m
[  98% ] [90m[1msavepack[22m | 保存文件：res://assets/favicon.svg[39m[0m
[  98% ] [90m[1msavepack[22m | 保存文件：res://.godot/uid_cache.bin[39m[0m
[  98% ] [90m[1msavepack[22m | 保存文件：res://project.binary[39m[0m
[92m[ DONE ][39m [1msavepack[22m
[0m
